"Zip.Code","Incidence","Year"
95531,43.4,2013
95540,97.7,2013
95542,41.6,2013
95562,107.6,2013
95570,68,2013
95602,35.1,2013
95603,32.7,2013
95605,65,2013
95608,75.2,2013
95610,42.6,2013
95616,12.9,2013
95618,18.7,2013
95619,140.1,2013
95620,31.6,2013
95621,43.9,2013
95623,39.1,2013
95624,37.9,2013
95626,46.3,2013
95628,24.2,2013
95630,16.5,2013
95631,19.8,2013
95632,27,2013
95640,36,2013
95642,158.6,2013
95648,29.3,2013
95650,20.9,2013
95655,54.2,2013
95658,30,2013
95660,102.9,2013
95661,48.4,2013
95662,34.1,2013
95665,67.3,2013
95666,80,2013
95667,44.9,2013
95669,47.8,2013
95670,45.2,2013
95673,46.4,2013
95677,42.8,2013
95678,39.2,2013
95682,26.1,2013
95685,79.7,2013
95687,46.9,2013
95688,52.9,2013
95691,44.3,2013
95693,24.2,2013
95694,24.5,2013
95695,39.1,2013
95713,26.1,2013
95726,56.2,2013
95742,26.3,2013
95746,13.4,2013
95747,28.5,2013
95757,45.5,2013
95758,37.8,2013
95762,14.9,2013
95765,14.7,2013
95776,45.5,2013
95811,80.3,2013
95814,78.8,2013
95815,139.6,2013
95816,49.5,2013
95817,88.3,2013
95818,42.7,2013
95819,26.7,2013
95820,92.9,2013
95821,94.2,2013
95822,88,2013
95823,115.6,2013
95824,116.3,2013
95825,107.7,2013
95826,40.9,2013
95827,52.9,2013
95828,76.3,2013
95829,46.5,2013
95831,30.7,2013
95832,109.1,2013
95833,63.2,2013
95834,56.2,2013
95835,33,2013
95838,100.3,2013
95841,91.5,2013
95842,97.9,2013
95843,53.8,2013
95864,35.4,2013
95901,56.6,2013
95926,38.4,2013
95928,32.7,2013
95932,42.6,2013
95945,77.6,2013
95946,44.1,2013
95948,54.2,2013
95949,24.2,2013
95953,27.9,2013
95954,71.5,2013
95959,27.8,2013
95961,51.1,2013
95963,34.8,2013
95965,50.5,2013
95966,50.6,2013
95969,38.1,2013
95971,47.3,2013
95973,32.8,2013
95988,62.2,2013
95991,38.8,2013
95993,21.6,2013
96001,61,2013
96002,49,2013
96003,38.6,2013
96007,49.3,2013
96019,35.5,2013
96021,46.4,2013
96022,18.2,2013
96035,80.1,2013
96055,49.8,2013
96064,36.3,2013
96067,57.9,2013
96080,62.3,2013
96093,67.7,2013
96094,32.9,2013
96097,72.2,2013
96101,70,2013
96122,57.9,2013
96130,25.6,2013
96150,18.8,2013
96161,6.7,2013
90001,79.9,2013
90002,67.8,2013
90003,73.4,2013
90004,21.7,2013
90005,24.3,2013
90006,30.1,2013
90007,44.2,2013
90008,75.6,2013
90011,58.5,2013
90012,15,2013
90013,79.8,2013
90014,93.7,2013
90015,55.3,2013
90016,56.9,2013
90017,51.5,2013
90018,47.2,2013
90019,52.4,2013
90020,18.1,2013
90021,164.5,2013
90022,56.1,2013
90023,47.7,2013
90024,13.5,2013
90025,12.8,2013
90026,26.4,2013
90027,30.8,2013
90028,60.1,2013
90029,43.3,2013
90031,25.2,2013
90032,40.2,2013
90033,77.7,2013
90034,22.5,2013
90035,17,2013
90036,26.3,2013
90037,71.4,2013
90038,16.9,2013
90039,38.6,2013
90040,73.1,2013
90041,29.7,2013
90042,31.4,2013
90043,87.5,2013
90044,84.4,2013
90045,22.4,2013
90046,18.8,2013
90047,102.3,2013
90048,17.1,2013
90049,7.1,2013
90056,22.6,2013
90057,35.6,2013
90058,95.6,2013
90059,74.2,2013
90061,89.7,2013
90062,78.9,2013
90063,40.5,2013
90064,17.9,2013
90065,47.7,2013
90066,23.5,2013
90068,11.8,2013
90069,19.4,2013
90201,33.7,2013
90210,12.6,2013
90212,15.5,2013
90220,73.9,2013
90221,67.6,2013
90222,76.7,2013
90230,20.6,2013
90232,18,2013
90240,32.9,2013
90241,41,2013
90242,38.4,2013
90245,18.5,2013
90247,52.4,2013
90248,39.6,2013
90249,64.8,2013
90250,43.5,2013
90254,10.4,2013
90255,50.2,2013
90260,34.9,2013
90262,49,2013
90266,10.5,2013
90270,38,2013
90272,15.3,2013
90274,7.5,2013
90275,10.4,2013
90277,17.8,2013
90278,20.1,2013
90280,28,2013
90291,15.4,2013
90292,21.9,2013
90301,65.1,2013
90302,68.4,2013
90303,70.9,2013
90304,37.3,2013
90305,73.2,2013
90401,68,2013
90403,16,2013
90404,38.5,2013
90405,25,2013
90501,40.7,2013
90502,24.6,2013
90503,18.9,2013
90504,28.3,2013
90505,18.5,2013
90601,41.1,2013
90602,47,2013
90603,31.9,2013
90604,42.2,2013
90605,38,2013
90606,35.6,2013
90620,37.1,2013
90621,42.1,2013
90623,18.9,2013
90630,27.2,2013
90631,29.7,2013
90638,25.9,2013
90640,37.6,2013
90650,37.8,2013
90660,39.5,2013
90670,40.4,2013
90680,34.5,2013
90701,18.3,2013
90703,39.2,2013
90704,49,2013
90706,48.9,2013
90710,32.3,2013
90712,62.2,2013
90713,27.9,2013
90715,52.4,2013
90716,38.6,2013
90717,31.7,2013
90720,20.4,2013
90723,39.5,2013
90731,58.2,2013
90732,19.1,2013
90740,19.9,2013
90744,58.4,2013
90745,39.2,2013
90746,52.3,2013
90755,58.3,2013
90802,58,2013
90803,20.7,2013
90804,62.7,2013
90805,63.9,2013
90806,82.1,2013
90807,28.8,2013
90808,12.6,2013
90810,52.2,2013
90813,127.1,2013
90814,21.4,2013
90815,18.9,2013
91001,31.2,2013
91006,16,2013
91007,17.6,2013
91010,37.4,2013
91011,13.2,2013
91016,23.8,2013
91020,20.3,2013
91024,23.6,2013
91030,14,2013
91040,30,2013
91042,28.5,2013
91101,12,2013
91103,40.7,2013
91104,32.1,2013
91105,15.7,2013
91106,19,2013
91107,14.9,2013
91201,25.1,2013
91202,21.7,2013
91203,14.2,2013
91204,87.1,2013
91205,37.7,2013
91206,21,2013
91208,11.8,2013
91214,32.2,2013
91301,23.8,2013
91302,9.4,2013
91303,38.5,2013
91304,42.6,2013
91306,42.6,2013
91307,24.9,2013
91311,28,2013
91316,35.1,2013
91320,20.7,2013
91321,24.5,2013
91324,43.3,2013
91325,40.6,2013
91326,23.1,2013
91331,50.5,2013
91335,53.1,2013
91340,56.7,2013
91342,49.9,2013
91343,54.2,2013
91344,35,2013
91345,53.7,2013
91350,34.8,2013
91351,32.6,2013
91352,59.5,2013
91354,19.1,2013
91355,20.6,2013
91356,34.2,2013
91360,18.3,2013
91361,8.8,2013
91362,23.6,2013
91364,22.8,2013
91367,25.7,2013
91381,13.1,2013
91384,25,2013
91387,26.4,2013
91390,8.5,2013
91401,34.4,2013
91402,85.1,2013
91403,21.1,2013
91405,83.4,2013
91406,53.3,2013
91411,43.8,2013
91423,15.7,2013
91436,19.6,2013
91501,27.5,2013
91502,21.4,2013
91504,27.9,2013
91505,26,2013
91506,30.7,2013
91601,43.3,2013
91602,20.9,2013
91604,21.4,2013
91605,56.1,2013
91606,51,2013
91607,21.6,2013
91701,22.2,2013
91702,38,2013
91706,41.7,2013
91708,63.2,2013
91709,16.6,2013
91710,30.8,2013
91711,27,2013
91722,37.8,2013
91723,46.5,2013
91724,42.6,2013
91730,31.3,2013
91731,39.7,2013
91732,42.9,2013
91733,35.5,2013
91737,20,2013
91739,29.1,2013
91740,38.5,2013
91741,23,2013
91744,44.2,2013
91745,25.7,2013
91746,29.4,2013
91748,16.7,2013
91750,25.4,2013
91752,30,2013
91754,17.1,2013
91755,13.9,2013
91761,31.2,2013
91762,43.1,2013
91763,48.5,2013
91764,59.9,2013
91765,15.3,2013
91766,49.2,2013
91767,58.1,2013
91768,46.2,2013
91770,24.2,2013
91773,27.9,2013
91775,17.5,2013
91776,20.3,2013
91780,16.5,2013
91784,25.1,2013
91786,58.8,2013
91789,22.9,2013
91790,32.3,2013
91791,23.3,2013
91792,28.4,2013
91801,21.6,2013
91803,21.1,2013
91901,37.2,2013
91902,22.8,2013
91906,72.4,2013
91910,37,2013
91911,51,2013
91913,20.2,2013
91914,17.2,2013
91915,16.2,2013
91932,39.2,2013
91941,29.8,2013
91942,49.9,2013
91945,41.7,2013
91950,55,2013
91977,47.1,2013
92007,18.8,2013
92008,13.8,2013
92009,9.8,2013
92010,15.7,2013
92011,10.9,2013
92019,22.8,2013
92020,45.6,2013
92021,44.7,2013
92024,9.7,2013
92025,30.5,2013
92026,18.5,2013
92027,28,2013
92028,22.8,2013
92029,11.6,2013
92037,10,2013
92040,30.5,2013
92054,36.3,2013
92056,24.4,2013
92057,25.9,2013
92058,35.1,2013
92064,16.1,2013
92065,19.4,2013
92069,20.1,2013
92071,30.1,2013
92078,15.5,2013
92081,12.8,2013
92082,18.5,2013
92083,45.5,2013
92084,25.8,2013
92101,59.7,2013
92102,61.6,2013
92103,33.6,2013
92104,42.5,2013
92105,53.2,2013
92106,13.8,2013
92107,19,2013
92108,19.8,2013
92109,16.7,2013
92110,20.4,2013
92111,29,2013
92113,87,2013
92114,75.9,2013
92115,39.7,2013
92116,25.7,2013
92117,22.3,2013
92118,11.7,2013
92119,18,2013
92120,25.9,2013
92122,10.7,2013
92123,24.9,2013
92124,11.4,2013
92126,22.6,2013
92127,8,2013
92128,10.6,2013
92129,17.8,2013
92130,9.8,2013
92131,12.8,2013
92139,39,2013
92154,29.4,2013
92173,33.4,2013
92201,39.4,2013
92203,18.9,2013
92211,23.6,2013
92220,65.1,2013
92223,44.8,2013
92225,50.3,2013
92227,82.7,2013
92230,97.5,2013
92231,26.2,2013
92233,26.2,2013
92234,24.2,2013
92236,39.8,2013
92240,41.7,2013
92241,18.6,2013
92243,62,2013
92250,28.5,2013
92251,26.5,2013
92252,70.8,2013
92253,19.4,2013
92254,34.9,2013
92257,96.6,2013
92260,22.1,2013
92262,49,2013
92264,41.6,2013
92270,13.2,2013
92274,26.3,2013
92276,25.5,2013
92277,33.2,2013
92284,38.8,2013
92301,81.9,2013
92307,78.9,2013
92308,56.6,2013
92311,108.6,2013
92313,17,2013
92314,34,2013
92315,97.8,2013
92316,44.2,2013
92317,89.7,2013
92320,29.6,2013
92324,52.5,2013
92325,120.6,2013
92335,57.9,2013
92336,26.5,2013
92337,38.4,2013
92342,73,2013
92344,27.5,2013
92345,57.3,2013
92346,28.8,2013
92352,70.8,2013
92354,28.8,2013
92356,55.9,2013
92359,44.4,2013
92363,187.4,2013
92371,61.7,2013
92373,27.7,2013
92374,32.7,2013
92376,59.1,2013
92377,46.5,2013
92392,63.7,2013
92394,64.5,2013
92395,83.5,2013
92397,53,2013
92399,31.2,2013
92404,94.1,2013
92405,94.8,2013
92407,57.6,2013
92408,48.9,2013
92410,105.9,2013
92411,129.6,2013
92501,71.5,2013
92503,39.4,2013
92504,41.3,2013
92505,35.4,2013
92506,31.7,2013
92507,44.7,2013
92508,22.9,2013
92509,31.2,2013
92530,37.2,2013
92532,26.1,2013
92539,33.7,2013
92543,76,2013
92544,38.8,2013
92545,45.4,2013
92548,55.4,2013
92551,34.8,2013
92553,54,2013
92555,40.9,2013
92557,27.2,2013
92562,24.7,2013
92563,22.1,2013
92567,20.7,2013
92570,42.6,2013
92571,34.9,2013
92582,32.2,2013
92583,42.5,2013
92584,31.3,2013
92585,18.7,2013
92586,52.7,2013
92587,35,2013
92591,24,2013
92592,19.5,2013
92595,27.3,2013
92596,19.6,2013
92602,17.2,2013
92603,8.7,2013
92604,19.4,2013
92606,17.1,2013
92610,24,2013
92612,13.6,2013
92614,10.1,2013
92618,26,2013
92620,13.8,2013
92624,29.3,2013
92625,25.1,2013
92626,26.7,2013
92627,31.9,2013
92629,20.4,2013
92630,24.8,2013
92637,20.7,2013
92646,18.4,2013
92647,28.8,2013
92648,26.5,2013
92649,17.1,2013
92651,18.4,2013
92653,20.6,2013
92655,44.1,2013
92656,16.6,2013
92660,20.1,2013
92663,19,2013
92672,18.3,2013
92673,14.4,2013
92675,18.4,2013
92677,17.8,2013
92679,18.3,2013
92683,33.1,2013
92688,17.6,2013
92691,17.3,2013
92692,14.7,2013
92694,14.5,2013
92701,41.4,2013
92703,28.8,2013
92704,27,2013
92705,17.9,2013
92706,24.7,2013
92707,33.8,2013
92708,17.9,2013
92780,25.4,2013
92782,12.7,2013
92801,52.4,2013
92802,36.6,2013
92804,37.6,2013
92805,31.5,2013
92806,48.1,2013
92807,19.9,2013
92808,15.6,2013
92821,23.2,2013
92831,36.9,2013
92832,41.9,2013
92833,34.7,2013
92835,16.7,2013
92840,28,2013
92841,36.8,2013
92843,36.5,2013
92844,25.5,2013
92845,11,2013
92860,30,2013
92865,24.1,2013
92866,41.2,2013
92867,14,2013
92868,24.7,2013
92869,17.6,2013
92870,26.4,2013
92879,36.5,2013
92880,21.6,2013
92881,17.1,2013
92882,28,2013
92883,20.8,2013
92886,22.8,2013
92887,10.4,2013
93001,32.2,2013
93003,21.9,2013
93004,19.4,2013
93010,24.8,2013
93012,18.6,2013
93013,17.9,2013
93015,28.1,2013
93021,22.2,2013
93022,38.6,2013
93023,46.2,2013
93030,69.9,2013
93033,27.4,2013
93035,18.9,2013
93036,26.8,2013
93041,32.1,2013
93060,36,2013
93063,23.2,2013
93065,24.8,2013
93101,41.8,2013
93103,29.6,2013
93105,15.8,2013
93110,23.2,2013
93111,20.3,2013
93117,13.4,2013
93202,158.6,2013
93203,28.6,2013
93204,25.5,2013
93210,24.3,2013
93212,47.7,2013
93215,31.8,2013
93219,46.9,2013
93221,19,2013
93223,55.9,2013
93230,108.6,2013
93234,35.8,2013
93235,82.7,2013
93240,60.5,2013
93241,23.6,2013
93242,60.3,2013
93245,61.4,2013
93247,39.2,2013
93250,36.3,2013
93256,39,2013
93257,40.1,2013
93263,36.4,2013
93267,40.6,2013
93268,22.6,2013
93270,40.9,2013
93274,52.3,2013
93277,39.7,2013
93280,23.3,2013
93286,40.9,2013
93291,49.5,2013
93292,30.1,2013
93301,151.8,2013
93304,86.7,2013
93305,97.9,2013
93306,47.4,2013
93307,69.5,2013
93308,62.8,2013
93309,48.1,2013
93311,22.9,2013
93312,17.4,2013
93313,34.2,2013
93314,13.8,2013
93401,24.1,2013
93402,28.1,2013
93405,16.5,2013
93420,29.5,2013
93422,25.6,2013
93433,35.9,2013
93436,47.7,2013
93442,21.6,2013
93444,32.9,2013
93445,31,2013
93446,31,2013
93454,39.9,2013
93455,29.5,2013
93458,28.3,2013
93463,24.7,2013
93465,48.1,2013
93501,78.9,2013
93505,45.9,2013
93510,32.6,2013
93514,34.3,2013
93534,118.4,2013
93535,97.3,2013
93536,35.2,2013
93543,41.3,2013
93546,36.4,2013
93550,79.4,2013
93551,30.2,2013
93552,46.4,2013
93555,53,2013
93560,34,2013
93561,26.7,2013
93591,75.6,2013
93602,36.5,2013
93610,25.7,2013
93611,34,2013
93612,65.8,2013
93618,18.4,2013
93619,13.5,2013
93620,115.9,2013
93622,28.2,2013
93625,45.4,2013
93630,29.3,2013
93631,36.8,2013
93635,101.5,2013
93636,17.9,2013
93637,33.8,2013
93638,47.2,2013
93640,29.9,2013
93646,56.8,2013
93647,29.7,2013
93648,53.3,2013
93650,164.7,2013
93654,41.7,2013
93656,32.7,2013
93657,31.8,2013
93662,57.9,2013
93667,69.3,2013
93701,129.5,2013
93702,89.5,2013
93703,108.7,2013
93704,64.4,2013
93705,75.9,2013
93706,86.3,2013
93710,52.7,2013
93711,25.3,2013
93720,22,2013
93721,61.6,2013
93722,53.4,2013
93723,28.4,2013
93725,53.4,2013
93726,82.2,2013
93727,40.5,2013
93728,79.9,2013
93901,94,2013
93905,49.6,2013
93906,51.7,2013
93907,32.1,2013
93908,13.3,2013
93926,39.9,2013
93927,25.2,2013
93930,15.8,2013
93933,30.7,2013
93940,19,2013
93950,24.7,2013
93955,38.7,2013
93960,14.4,2013
94002,26.1,2013
94005,49.4,2013
94010,18.6,2013
94014,40.5,2013
94015,37.4,2013
94019,20.7,2013
94025,15.3,2013
94030,31.3,2013
94040,14.2,2013
94043,13.6,2013
94044,26.8,2013
94061,35.3,2013
94062,26.1,2013
94063,52.7,2013
94065,14.4,2013
94066,48.9,2013
94070,24.5,2013
94080,40.7,2013
94085,36.9,2013
94086,9.6,2013
94087,10.4,2013
94089,34,2013
94102,104.1,2013
94103,77.6,2013
94107,28.8,2013
94108,14.4,2013
94109,25.9,2013
94110,37,2013
94112,27,2013
94114,20.4,2013
94115,47.4,2013
94116,16.3,2013
94117,18.7,2013
94118,14.6,2013
94121,17.1,2013
94122,13.6,2013
94123,21.4,2013
94124,108,2013
94127,18.6,2013
94130,107.6,2013
94131,24.1,2013
94132,24.1,2013
94133,22.7,2013
94134,35.1,2013
94301,8.3,2013
94303,41.6,2013
94306,8.2,2013
94401,48.7,2013
94402,31.7,2013
94403,30.7,2013
94404,17.2,2013
94501,42.7,2013
94502,13.8,2013
94503,46.2,2013
94505,31.9,2013
94506,10.3,2013
94507,9,2013
94509,137,2013
94510,39.8,2013
94511,82.2,2013
94513,32.1,2013
94517,22.1,2013
94518,33.9,2013
94519,45.2,2013
94520,98.9,2013
94521,43.6,2013
94523,35,2013
94525,41,2013
94526,19.6,2013
94530,34,2013
94531,78,2013
94533,86.1,2013
94534,31.6,2013
94536,36.5,2013
94538,40.1,2013
94539,9.7,2013
94541,88.7,2013
94542,26.4,2013
94544,77.2,2013
94545,87.5,2013
94546,55.9,2013
94547,49.4,2013
94549,18.1,2013
94550,22.7,2013
94551,33.2,2013
94552,22.6,2013
94553,61.8,2013
94555,26.9,2013
94556,11,2013
94558,35.1,2013
94559,43.4,2013
94560,45.4,2013
94561,60.2,2013
94563,17,2013
94564,37.9,2013
94565,110.8,2013
94566,20.1,2013
94568,21.7,2013
94571,56.5,2013
94572,86.8,2013
94574,22.1,2013
94577,57.3,2013
94578,78,2013
94579,42.7,2013
94580,52.3,2013
94582,16.4,2013
94583,30.2,2013
94585,77.7,2013
94587,50.4,2013
94588,17.9,2013
94589,114.2,2013
94590,150.7,2013
94591,64.7,2013
94595,18.7,2013
94596,25.7,2013
94597,21,2013
94598,16.2,2013
94601,91.2,2013
94602,66.7,2013
94603,168.2,2013
94605,143.6,2013
94606,77.3,2013
94607,137,2013
94608,100.2,2013
94609,82.2,2013
94610,29.8,2013
94611,23.1,2013
94612,100.7,2013
94618,12.2,2013
94619,69.1,2013
94621,160.2,2013
94702,59.4,2013
94703,70.8,2013
94704,33.9,2013
94705,28,2013
94706,19.3,2013
94707,19.7,2013
94708,10.2,2013
94709,18.5,2013
94710,62.3,2013
94801,138,2013
94803,42.5,2013
94804,116.7,2013
94805,40.8,2013
94806,80,2013
94901,27.7,2013
94903,25.9,2013
94904,18.5,2013
94925,25.8,2013
94928,37.4,2013
94930,25.5,2013
94931,33.2,2013
94941,16.9,2013
94945,35.4,2013
94947,30.5,2013
94949,38,2013
94952,26.8,2013
94954,35.3,2013
94960,12.3,2013
94965,24.3,2013
95003,18.5,2013
95006,17.4,2013
95008,22,2013
95010,45.9,2013
95012,59.7,2013
95014,8.4,2013
95019,48.4,2013
95020,45.3,2013
95023,46.8,2013
95030,11.8,2013
95032,17.9,2013
95033,17.8,2013
95035,18,2013
95037,25.1,2013
95046,44.6,2013
95050,21.1,2013
95051,14.9,2013
95054,19.2,2013
95060,30.8,2013
95062,25.4,2013
95065,30.8,2013
95066,23.7,2013
95070,10.3,2013
95073,30.8,2013
95076,39.2,2013
95110,24.8,2013
95111,43.8,2013
95112,54,2013
95116,55.2,2013
95117,29.8,2013
95118,34.2,2013
95119,31.5,2013
95120,16.9,2013
95121,32,2013
95122,49.5,2013
95123,41.5,2013
95124,20.4,2013
95125,32.7,2013
95126,39.7,2013
95127,41.4,2013
95128,46,2013
95129,15.1,2013
95130,26.3,2013
95131,27,2013
95132,19.9,2013
95133,26,2013
95134,16.5,2013
95135,15.8,2013
95136,26,2013
95138,17.7,2013
95139,35.9,2013
95148,31,2013
95202,248,2013
95203,99.7,2013
95204,62.1,2013
95205,90.7,2013
95206,68.7,2013
95207,70.7,2013
95209,48.9,2013
95210,80.8,2013
95212,30.6,2013
95215,50.3,2013
95219,33,2013
95231,62.2,2013
95240,35.5,2013
95242,18.8,2013
95249,134.3,2013
95252,44.2,2013
95258,43.8,2013
95301,47,2013
95304,43.1,2013
95307,34.8,2013
95315,28.3,2013
95316,38.2,2013
95320,28.5,2013
95322,42.6,2013
95326,29.7,2013
95327,38.2,2013
95328,40.9,2013
95330,65.9,2013
95334,30,2013
95336,85.9,2013
95337,52.5,2013
95338,55.4,2013
95340,120.4,2013
95341,68.9,2013
95348,64.8,2013
95350,77,2013
95351,84.1,2013
95354,72.6,2013
95355,55.2,2013
95356,39.6,2013
95357,39.4,2013
95358,55.8,2013
95360,23,2013
95361,47.1,2013
95363,24.2,2013
95365,100.1,2013
95366,43.8,2013
95367,46.9,2013
95368,41.3,2013
95370,56.9,2013
95376,96,2013
95377,42.1,2013
95380,56.7,2013
95382,28.1,2013
95383,35.8,2013
95386,44.9,2013
95388,48.7,2013
95391,37.9,2013
95401,54,2013
95403,44.5,2013
95404,44.6,2013
95405,27.4,2013
95407,58.1,2013
95409,30.6,2013
95422,111.3,2013
95423,78.1,2013
95425,19.8,2013
95436,73,2013
95437,62.6,2013
95446,25.5,2013
95448,33.5,2013
95451,34.9,2013
95453,44.4,2013
95457,173.5,2013
95458,100.2,2013
95464,73.9,2013
95470,50.4,2013
95472,29,2013
95476,14.4,2013
95482,63.9,2013
95490,67,2013
95492,33.7,2013
95501,87.4,2013
95503,57.2,2013
95519,64.4,2013
95521,40.5,2013
90001,70.4,2014
90002,74.6,2014
90003,81.8,2014
90004,23.3,2014
90005,26.5,2014
90006,36,2014
90007,42.8,2014
90008,77.5,2014
90011,51.7,2014
90012,18.4,2014
90013,87.4,2014
90014,82,2014
90015,49.4,2014
90016,62.7,2014
90017,71.6,2014
90018,60.3,2014
90019,36.2,2014
90020,17.7,2014
90021,89.8,2014
90022,48.5,2014
90023,54.5,2014
90024,10.2,2014
90025,15.3,2014
90026,19.1,2014
90027,21.2,2014
90028,37.3,2014
90029,36.2,2014
90031,29.3,2014
90032,46,2014
90033,73.1,2014
90034,23.8,2014
90035,31.9,2014
90036,20.1,2014
90037,75.8,2014
90038,25.9,2014
90039,38.6,2014
90040,27.2,2014
90041,30.2,2014
90042,34.3,2014
90043,88,2014
90044,91.4,2014
90045,18.5,2014
90046,10.8,2014
90047,101.9,2014
90048,21.8,2014
90049,8.6,2014
90056,43.6,2014
90057,38.2,2014
90059,80.3,2014
90061,83,2014
90062,73.6,2014
90063,40.2,2014
90064,18.8,2014
90065,50,2014
90066,20.6,2014
90068,11.4,2014
90069,15.9,2014
90201,35.8,2014
90210,9.2,2014
90211,26.9,2014
90212,18.5,2014
90220,82.1,2014
90221,70.2,2014
90222,79.3,2014
90230,23.6,2014
90232,29.2,2014
90240,28.8,2014
90241,31.4,2014
90242,38,2014
90247,46.6,2014
90248,24.5,2014
90249,63.7,2014
90250,53.3,2014
90254,10.5,2014
90255,46.1,2014
90260,37.7,2014
90262,54.3,2014
90265,10.7,2014
90266,8.7,2014
90270,47.9,2014
90272,20.1,2014
90274,16.6,2014
90275,8.4,2014
90277,14.6,2014
90278,17.8,2014
90280,30.4,2014
90291,17.9,2014
90292,23,2014
90293,9.1,2014
90301,65.3,2014
90302,57.9,2014
90303,64.9,2014
90304,41.4,2014
90305,75.9,2014
90401,67.9,2014
90403,16.4,2014
90404,40.6,2014
90405,23.1,2014
90501,38.8,2014
90502,30.8,2014
90503,19,2014
90504,22.9,2014
90505,13.6,2014
90601,43.4,2014
90602,57.7,2014
90603,28.1,2014
90604,43.6,2014
90605,33.9,2014
90606,38.1,2014
90620,35.8,2014
90621,43.4,2014
90623,13.8,2014
90630,21.8,2014
90631,31,2014
90638,25.8,2014
90640,37.2,2014
90650,38.2,2014
90660,42.6,2014
90670,33.1,2014
90680,40,2014
90701,18,2014
90703,29.8,2014
90704,43.9,2014
90706,43.6,2014
90710,29,2014
90712,142,2014
90713,20.3,2014
90715,45,2014
90716,45.5,2014
90717,38.3,2014
90720,17.6,2014
90723,35.2,2014
90731,54.7,2014
90732,19.4,2014
90740,23.6,2014
90744,48.3,2014
90745,32.4,2014
90746,49,2014
90755,46.5,2014
90802,58,2014
90803,16.5,2014
90804,66.2,2014
90805,59.8,2014
90806,81,2014
90807,38.1,2014
90808,24,2014
90810,38,2014
90813,119.9,2014
90814,32.8,2014
90815,16.5,2014
91001,29.4,2014
91006,17,2014
91007,13.7,2014
91010,31.1,2014
91011,13.4,2014
91016,27.2,2014
91020,31.5,2014
91030,15.5,2014
91040,28.4,2014
91042,28.3,2014
91101,18.1,2014
91103,41.9,2014
91104,27.9,2014
91105,23.8,2014
91106,16.7,2014
91107,16.3,2014
91201,29.5,2014
91202,19.7,2014
91203,23.5,2014
91204,63.7,2014
91205,37.3,2014
91206,18,2014
91208,12,2014
91214,36.7,2014
91301,18.4,2014
91302,10.7,2014
91303,52.9,2014
91304,37.6,2014
91306,43.1,2014
91307,28.3,2014
91311,31.3,2014
91316,48,2014
91320,18.8,2014
91321,28,2014
91324,44.9,2014
91325,36.4,2014
91326,20.1,2014
91331,57.5,2014
91335,46.2,2014
91340,55.8,2014
91342,45,2014
91343,64,2014
91344,25.4,2014
91345,50.8,2014
91350,34.3,2014
91351,26.9,2014
91352,60.5,2014
91354,12.8,2014
91355,17.7,2014
91356,47.9,2014
91360,19.6,2014
91361,15.4,2014
91362,18.3,2014
91364,18.7,2014
91367,30.7,2014
91381,21.4,2014
91384,18.4,2014
91387,43.4,2014
91390,14.4,2014
91401,36,2014
91402,74.8,2014
91403,34.2,2014
91405,73.5,2014
91406,48.3,2014
91411,62.5,2014
91423,25,2014
91436,23.4,2014
91501,28.2,2014
91502,25.2,2014
91504,22.3,2014
91505,27.3,2014
91506,40.2,2014
91601,37.4,2014
91602,26.3,2014
91604,18.5,2014
91605,52,2014
91606,45,2014
91607,29.4,2014
91701,20.1,2014
91702,43.2,2014
91706,43.8,2014
91708,35.6,2014
91709,16,2014
91710,35.5,2014
91711,17.8,2014
91722,36.6,2014
91723,40.5,2014
91724,34.5,2014
91730,30.1,2014
91731,32.5,2014
91732,46.1,2014
91733,40.5,2014
91737,20.1,2014
91739,23.2,2014
91740,38.3,2014
91741,24.5,2014
91744,45.4,2014
91745,25.2,2014
91746,25.7,2014
91748,18.9,2014
91750,27,2014
91752,35.8,2014
91754,21.4,2014
91755,13,2014
91761,38.5,2014
91762,51.4,2014
91763,57.6,2014
91764,58.3,2014
91765,16.7,2014
91766,58.2,2014
91767,71.6,2014
91768,41.8,2014
91770,22.7,2014
91773,26,2014
91775,8.5,2014
91776,26.6,2014
91780,14.1,2014
91784,24.4,2014
91786,47.5,2014
91789,11.6,2014
91790,41.6,2014
91791,30.5,2014
91792,27.8,2014
91801,15,2014
91803,12.9,2014
91901,17.4,2014
91902,27.2,2014
91910,33.7,2014
91911,44.8,2014
91913,15.7,2014
91915,15.6,2014
91932,50.5,2014
91935,10.7,2014
91941,26.8,2014
91942,31,2014
91945,53.3,2014
91950,55.4,2014
91977,38.4,2014
91978,24.6,2014
92007,27.9,2014
92008,15,2014
92009,8.7,2014
92010,19.9,2014
92011,15.8,2014
92019,24.3,2014
92020,39.7,2014
92021,43.3,2014
92024,14.2,2014
92025,30.2,2014
92026,23.6,2014
92027,30.8,2014
92028,22.1,2014
92029,13.1,2014
92037,6.5,2014
92040,30.3,2014
92054,31.6,2014
92056,23.8,2014
92057,22.6,2014
92058,25.3,2014
92064,13.8,2014
92065,17.5,2014
92069,17.7,2014
92071,28.3,2014
92078,12.2,2014
92081,15.1,2014
92082,25.4,2014
92083,42.2,2014
92084,28.1,2014
92101,73.3,2014
92102,50.4,2014
92103,32.2,2014
92104,37.7,2014
92105,58.6,2014
92106,16.5,2014
92107,16.9,2014
92108,24.8,2014
92109,20.5,2014
92110,27.5,2014
92111,24.4,2014
92113,74.7,2014
92114,66.6,2014
92115,40.4,2014
92116,26.2,2014
92117,25.4,2014
92119,12.2,2014
92120,25.2,2014
92122,9.7,2014
92123,26.7,2014
92124,14.5,2014
92126,20.6,2014
92127,11.2,2014
92128,12,2014
92129,22.5,2014
92130,6.3,2014
92131,10.6,2014
92139,35.3,2014
92154,26.1,2014
92173,40.5,2014
92201,42.8,2014
92203,17.7,2014
92211,14.7,2014
92220,60.6,2014
92223,36.6,2014
92225,32.5,2014
92227,90.7,2014
92230,147,2014
92231,39.9,2014
92233,35.4,2014
92234,30.6,2014
92236,37.6,2014
92240,52,2014
92241,14.3,2014
92243,78.2,2014
92249,34.5,2014
92250,44.9,2014
92251,43.2,2014
92252,66.8,2014
92253,19.8,2014
92254,21,2014
92257,83.8,2014
92260,14.4,2014
92262,39.7,2014
92264,29.9,2014
92270,16.2,2014
92274,23.4,2014
92276,28.7,2014
92277,24.6,2014
92284,26.4,2014
92301,91,2014
92307,71.6,2014
92308,47.1,2014
92311,113,2014
92313,21.6,2014
92314,35.8,2014
92315,78.1,2014
92316,59.1,2014
92317,47.9,2014
92320,43.5,2014
92324,50.6,2014
92325,180.1,2014
92335,50.2,2014
92336,27.8,2014
92337,43.7,2014
92342,69.4,2014
92344,23.6,2014
92345,63.5,2014
92346,31.4,2014
92354,20.9,2014
92356,61.5,2014
92359,40.5,2014
92363,237.7,2014
92371,46.8,2014
92372,50.8,2014
92373,23.1,2014
92374,30,2014
92376,59.3,2014
92377,37.3,2014
92392,61.2,2014
92394,63,2014
92395,75.5,2014
92397,62.9,2014
92399,25.8,2014
92404,86.7,2014
92405,91.4,2014
92407,57.4,2014
92408,40,2014
92410,108.6,2014
92411,170.6,2014
92501,81.9,2014
92503,38.1,2014
92504,51.8,2014
92505,32.7,2014
92506,27.7,2014
92507,51.8,2014
92508,18.3,2014
92509,41.2,2014
92530,38.8,2014
92532,32.5,2014
92536,43.6,2014
92543,94.6,2014
92544,42.5,2014
92545,43.3,2014
92548,50.3,2014
92551,36,2014
92553,62.2,2014
92555,38.8,2014
92557,34.1,2014
92562,17,2014
92563,22.2,2014
92567,24.9,2014
92570,37.6,2014
92571,40.6,2014
92582,27.1,2014
92583,47.7,2014
92584,32.1,2014
92585,25.9,2014
92586,50.4,2014
92587,32.1,2014
92591,30,2014
92592,16.4,2014
92595,30.2,2014
92596,17.8,2014
92602,10.1,2014
92603,10.6,2014
92604,18.3,2014
92606,10.4,2014
92612,19.6,2014
92614,14.1,2014
92618,18.6,2014
92620,9,2014
92625,9.6,2014
92626,19.4,2014
92627,32.8,2014
92629,23.3,2014
92630,23.5,2014
92637,14.5,2014
92646,20.7,2014
92647,36.5,2014
92648,21,2014
92649,18.4,2014
92651,20.3,2014
92653,16.4,2014
92655,38.3,2014
92656,15,2014
92660,12.9,2014
92663,20.9,2014
92672,20.4,2014
92673,19.9,2014
92675,17.5,2014
92677,19.9,2014
92679,14,2014
92683,27.3,2014
92688,14.9,2014
92691,17.4,2014
92692,16.1,2014
92694,13.7,2014
92701,41,2014
92703,27.2,2014
92704,26.9,2014
92705,22.8,2014
92706,22.2,2014
92707,25.1,2014
92708,20,2014
92780,21.3,2014
92782,7.9,2014
92801,38,2014
92802,32.6,2014
92804,35.6,2014
92805,31.3,2014
92806,36.8,2014
92807,16.5,2014
92808,13.6,2014
92821,28.7,2014
92831,33.6,2014
92832,41.7,2014
92833,24.4,2014
92835,19.3,2014
92840,31.1,2014
92841,28.9,2014
92843,35.6,2014
92844,35.9,2014
92845,22.7,2014
92860,29.3,2014
92865,19.5,2014
92866,37.3,2014
92867,12.2,2014
92868,16.6,2014
92869,14.2,2014
92870,31.2,2014
92879,34.5,2014
92880,20.3,2014
92881,13.7,2014
92882,27.7,2014
92883,23.3,2014
92886,25.3,2014
92887,19.9,2014
93001,31.4,2014
93003,22.8,2014
93004,15.4,2014
93010,27.1,2014
93012,18.5,2014
93013,10.7,2014
93015,17.4,2014
93021,21.8,2014
93023,34.5,2014
93030,51.8,2014
93033,26.7,2014
93035,31.7,2014
93036,25.9,2014
93041,30.8,2014
93060,34.7,2014
93063,27.2,2014
93065,21.7,2014
93101,39.5,2014
93103,35.8,2014
93105,13.2,2014
93109,16.2,2014
93110,18.3,2014
93111,19.3,2014
93117,17.3,2014
93202,143.5,2014
93203,40.3,2014
93204,22.8,2014
93210,24.7,2014
93212,31,2014
93215,29.1,2014
93219,49.3,2014
93221,18.5,2014
93223,53.1,2014
93230,83,2014
93234,45.1,2014
93235,59.6,2014
93240,80.5,2014
93241,34.5,2014
93245,54.2,2014
93247,30.2,2014
93250,54.1,2014
93257,39.6,2014
93263,29.3,2014
93267,28.1,2014
93268,37.3,2014
93270,29.2,2014
93274,53.2,2014
93277,38.5,2014
93280,20.5,2014
93286,18.7,2014
93291,40.3,2014
93292,41.7,2014
93301,137.2,2014
93304,94.3,2014
93305,99.3,2014
93306,49.8,2014
93307,66.6,2014
93308,60.9,2014
93309,54.4,2014
93311,26.4,2014
93312,20.1,2014
93313,32.9,2014
93314,28.5,2014
93401,30,2014
93402,27.1,2014
93405,14.5,2014
93420,39.2,2014
93422,28.4,2014
93433,39.2,2014
93434,36.1,2014
93436,37.1,2014
93442,20,2014
93444,31.5,2014
93445,34.2,2014
93446,29.3,2014
93449,21.8,2014
93454,39.4,2014
93455,35.1,2014
93458,33,2014
93463,19.4,2014
93465,28.1,2014
93501,80.6,2014
93505,79.6,2014
93510,64.1,2014
93514,34.6,2014
93534,124.7,2014
93535,107.2,2014
93536,35.8,2014
93543,45,2014
93546,41,2014
93550,86.1,2014
93551,35,2014
93552,44.8,2014
93555,66.4,2014
93560,44.5,2014
93561,48.2,2014
93591,66.5,2014
93609,59.5,2014
93610,23.4,2014
93611,29.4,2014
93612,58.7,2014
93614,18.8,2014
93618,36.5,2014
93619,13.7,2014
93620,96.5,2014
93622,22,2014
93625,33.8,2014
93630,29.4,2014
93631,51.9,2014
93635,107.4,2014
93636,17.3,2014
93637,45.9,2014
93638,47.4,2014
93640,29.6,2014
93644,28.3,2014
93646,46,2014
93647,19.5,2014
93648,55.8,2014
93650,78.8,2014
93654,43.6,2014
93656,42.4,2014
93657,38.5,2014
93662,87.1,2014
93701,118.1,2014
93702,73.7,2014
93703,85.8,2014
93704,53.4,2014
93705,76.2,2014
93706,79,2014
93710,53.9,2014
93711,24.3,2014
93720,20.7,2014
93721,60.5,2014
93722,43.8,2014
93723,25.9,2014
93725,58.6,2014
93726,75.2,2014
93727,41,2014
93728,74.5,2014
93730,16.1,2014
93901,91,2014
93905,49.3,2014
93906,60.8,2014
93907,36,2014
93908,10.5,2014
93926,31.5,2014
93927,45.9,2014
93930,17.1,2014
93933,31.5,2014
93940,17.5,2014
93950,32.3,2014
93955,38.1,2014
93960,19.4,2014
94002,22.1,2014
94010,20.8,2014
94014,48.1,2014
94015,33.2,2014
94019,21.6,2014
94024,7.7,2014
94025,21.1,2014
94030,41.5,2014
94040,13.4,2014
94041,11.2,2014
94043,17.7,2014
94044,35.3,2014
94061,27.1,2014
94062,19.7,2014
94063,62,2014
94065,17.9,2014
94066,43.4,2014
94070,19.1,2014
94080,41.4,2014
94085,20.2,2014
94086,11.9,2014
94087,10.9,2014
94089,30.2,2014
94102,118.8,2014
94103,74.7,2014
94107,30.4,2014
94108,13.9,2014
94109,30.5,2014
94110,37.3,2014
94111,29,2014
94112,30.4,2014
94114,15.7,2014
94115,36.3,2014
94116,16.7,2014
94117,27.6,2014
94118,12.4,2014
94121,13.6,2014
94122,15,2014
94123,10.1,2014
94124,90.2,2014
94127,15.5,2014
94130,57.6,2014
94131,10.4,2014
94132,27.6,2014
94133,23.9,2014
94134,38.5,2014
94301,6.7,2014
94303,37.7,2014
94306,5.8,2014
94401,46.4,2014
94402,19.5,2014
94403,23.2,2014
94404,14.3,2014
94501,36.8,2014
94503,45.9,2014
94505,30,2014
94506,15.4,2014
94507,14.8,2014
94509,133.3,2014
94510,40.3,2014
94513,34.4,2014
94517,28.9,2014
94518,39.5,2014
94519,45.2,2014
94520,91,2014
94521,41.4,2014
94523,26.1,2014
94526,13.7,2014
94530,23.2,2014
94531,69.4,2014
94533,94.7,2014
94534,33.9,2014
94536,37.4,2014
94538,35.7,2014
94539,15,2014
94541,86.3,2014
94542,34.5,2014
94544,73.9,2014
94545,85.9,2014
94546,54.5,2014
94547,38.1,2014
94549,21.6,2014
94550,19.3,2014
94551,20.4,2014
94552,16.9,2014
94553,54.9,2014
94555,37.6,2014
94556,11.5,2014
94558,37.8,2014
94559,62.6,2014
94560,54.3,2014
94561,56.2,2014
94563,22.1,2014
94564,31.5,2014
94565,98.6,2014
94566,13.2,2014
94568,18.7,2014
94571,50.2,2014
94572,77.7,2014
94574,33.6,2014
94577,60.6,2014
94578,64.8,2014
94579,48.6,2014
94580,78.2,2014
94582,11.2,2014
94583,18.9,2014
94585,76.2,2014
94587,48.6,2014
94588,15.4,2014
94589,98.9,2014
94590,153,2014
94591,74.8,2014
94595,25.1,2014
94596,17.5,2014
94597,27,2014
94598,15.8,2014
94599,16.1,2014
94601,86.7,2014
94602,43.7,2014
94603,160.7,2014
94605,114,2014
94606,73.4,2014
94607,120.4,2014
94608,86.6,2014
94609,70.4,2014
94610,32.4,2014
94611,23.3,2014
94612,87.9,2014
94618,16.3,2014
94619,62.3,2014
94621,143.2,2014
94702,51.2,2014
94703,53.2,2014
94704,45.7,2014
94705,21.4,2014
94706,23,2014
94707,17.4,2014
94709,17.3,2014
94710,53.6,2014
94801,144.1,2014
94803,59.1,2014
94804,109.9,2014
94805,48.1,2014
94806,69,2014
94901,20.5,2014
94903,22.8,2014
94904,10.1,2014
94920,9.6,2014
94928,33.6,2014
94931,23.4,2014
94941,16.1,2014
94945,17.8,2014
94947,35.8,2014
94949,34.3,2014
94952,30.4,2014
94954,33.9,2014
94960,14.1,2014
94965,28.5,2014
95003,15.9,2014
95005,24.7,2014
95006,18,2014
95008,25.6,2014
95010,44.5,2014
95012,54.4,2014
95014,5.6,2014
95020,48.2,2014
95023,47.2,2014
95032,11.3,2014
95033,13.7,2014
95035,15.2,2014
95037,24,2014
95046,24.7,2014
95050,24.6,2014
95051,19.3,2014
95054,22.9,2014
95060,32.2,2014
95062,21.2,2014
95065,23.2,2014
95066,18.3,2014
95070,8.5,2014
95073,34.9,2014
95076,28.1,2014
95110,33.8,2014
95111,55.3,2014
95112,52.2,2014
95116,61.2,2014
95117,26.5,2014
95118,23.5,2014
95119,32.2,2014
95120,16.6,2014
95121,30.1,2014
95122,46.4,2014
95123,38.7,2014
95124,22.9,2014
95125,27.7,2014
95126,27.3,2014
95127,41,2014
95128,37,2014
95129,10,2014
95130,28.8,2014
95131,20.5,2014
95132,25,2014
95133,28.3,2014
95134,17,2014
95135,11.8,2014
95136,29.4,2014
95138,35,2014
95148,25.1,2014
95202,248,2014
95203,107.3,2014
95204,51.2,2014
95205,65.4,2014
95206,68.6,2014
95207,58.3,2014
95209,47.8,2014
95210,71.9,2014
95212,19.3,2014
95215,44.4,2014
95219,26.3,2014
95222,26.6,2014
95231,66,2014
95237,52.9,2014
95240,33.2,2014
95242,13.3,2014
95249,132.6,2014
95252,33.3,2014
95255,63.7,2014
95301,44.1,2014
95304,26.9,2014
95307,42.3,2014
95315,47.2,2014
95316,52.8,2014
95320,30.1,2014
95322,30.9,2014
95324,36.3,2014
95326,30.7,2014
95327,24.2,2014
95330,56.7,2014
95334,29.8,2014
95336,90.2,2014
95337,66.3,2014
95338,39.5,2014
95340,119.4,2014
95341,82.3,2014
95348,64.4,2014
95350,82.7,2014
95351,84,2014
95354,84.1,2014
95355,52.7,2014
95356,43.7,2014
95357,34.6,2014
95358,71,2014
95360,32.8,2014
95361,39.8,2014
95363,28.2,2014
95365,119,2014
95366,30.2,2014
95367,29.5,2014
95368,36,2014
95370,48.7,2014
95376,86.8,2014
95377,46.2,2014
95380,72.5,2014
95382,35.2,2014
95383,45.9,2014
95386,41.9,2014
95388,42,2014
95391,40.3,2014
95401,37,2014
95403,42.6,2014
95404,35.9,2014
95405,36.6,2014
95407,49.8,2014
95409,30.3,2014
95422,110.4,2014
95423,82.3,2014
95425,28.2,2014
95436,43.4,2014
95437,56.1,2014
95446,42.1,2014
95448,33.5,2014
95451,38.5,2014
95453,44.4,2014
95457,135.9,2014
95458,104.1,2014
95464,87.2,2014
95470,55.7,2014
95472,23.7,2014
95476,21.1,2014
95482,50.4,2014
95485,103.6,2014
95490,66.9,2014
95492,27.7,2014
95501,92.3,2014
95503,57.4,2014
95519,50.9,2014
95521,41.9,2014
95531,38.5,2014
95540,97.2,2014
95542,61.3,2014
95562,70.2,2014
95602,46.8,2014
95603,26.6,2014
95605,77.5,2014
95608,84.2,2014
95610,44,2014
95616,15.3,2014
95618,13.1,2014
95619,116.9,2014
95620,30.4,2014
95621,57.4,2014
95623,37.5,2014
95624,35.8,2014
95626,47,2014
95628,30.7,2014
95630,16.3,2014
95631,27.8,2014
95632,26.8,2014
95640,40.5,2014
95642,97.5,2014
95648,29,2014
95650,17.4,2014
95660,104.2,2014
95661,33.5,2014
95662,50.5,2014
95665,58.4,2014
95666,45.7,2014
95667,33.3,2014
95669,63.4,2014
95670,54.7,2014
95673,45.4,2014
95677,37.3,2014
95678,35,2014
95682,35.8,2014
95683,37.1,2014
95685,46.3,2014
95687,44.5,2014
95688,48,2014
95691,54.1,2014
95694,38.8,2014
95695,47.5,2014
95713,16,2014
95726,40.3,2014
95742,31.6,2014
95746,22.5,2014
95747,22.4,2014
95757,45.7,2014
95758,31.5,2014
95762,14,2014
95765,16.1,2014
95776,36.1,2014
95811,93.8,2014
95814,67.1,2014
95815,122.9,2014
95816,46.6,2014
95817,102.4,2014
95818,43.3,2014
95819,14.9,2014
95820,85.8,2014
95821,105.2,2014
95822,88.1,2014
95823,127.2,2014
95824,101.9,2014
95825,97.9,2014
95826,63,2014
95827,40.5,2014
95828,79.9,2014
95829,41,2014
95831,30.6,2014
95832,114,2014
95833,70.5,2014
95834,56.1,2014
95835,35.1,2014
95838,112.3,2014
95841,80.8,2014
95842,78.5,2014
95843,45.9,2014
95864,32.2,2014
95901,51,2014
95926,41.5,2014
95928,35.8,2014
95932,56.2,2014
95945,87.9,2014
95946,51.2,2014
95948,48.8,2014
95949,28.9,2014
95953,35.9,2014
95954,35.1,2014
95959,56.4,2014
95961,50.4,2014
95963,27.4,2014
95965,54.3,2014
95966,54.2,2014
95969,46,2014
95971,26.4,2014
95973,26.7,2014
95988,45.1,2014
95991,47.1,2014
95993,22,2014
96001,85.9,2014
96002,62.1,2014
96003,36.3,2014
96007,57.7,2014
96013,47.2,2014
96019,72.9,2014
96021,47.4,2014
96022,37.1,2014
96035,88.9,2014
96041,71.9,2014
96064,53.9,2014
96067,25.2,2014
96080,57.9,2014
96093,100.4,2014
96094,56.3,2014
96097,80.6,2014
96101,100.4,2014
96122,39.3,2014
96130,21,2014
96150,17.1,2014
96161,11.1,2014
90001,63,2015
90002,79.5,2015
90003,90.8,2015
90004,32.3,2015
90005,14.2,2015
90006,34,2015
90007,36.9,2015
90008,104.2,2015
90011,48,2015
90012,14.3,2015
90013,87,2015
90014,91.2,2015
90015,55.2,2015
90016,57.2,2015
90017,79.3,2015
90018,51.6,2015
90019,39.7,2015
90020,38.1,2015
90021,148.3,2015
90022,60.3,2015
90023,60.3,2015
90024,15.4,2015
90025,15,2015
90026,28.3,2015
90027,31.7,2015
90028,47.4,2015
90029,41,2015
90031,36.5,2015
90032,42.2,2015
90033,60.1,2015
90034,25.5,2015
90035,31.3,2015
90036,24.5,2015
90037,68,2015
90038,29.8,2015
90039,22.9,2015
90040,36.2,2015
90041,26.5,2015
90042,40.8,2015
90043,94.8,2015
90044,82.4,2015
90045,16.4,2015
90046,20,2015
90047,106.6,2015
90048,16.7,2015
90049,11.2,2015
90056,67.1,2015
90057,46.2,2015
90058,54.7,2015
90059,95.3,2015
90061,87.1,2015
90062,99.3,2015
90063,39.2,2015
90064,19.5,2015
90065,43.6,2015
90066,26.9,2015
90068,14,2015
90069,13.5,2015
90201,40.4,2015
90210,13.8,2015
90211,24.4,2015
90212,26.4,2015
90220,99.6,2015
90221,69.4,2015
90222,89.6,2015
90230,30.2,2015
90232,24.2,2015
90240,18.9,2015
90241,31.8,2015
90242,37.6,2015
90245,18.8,2015
90247,59.5,2015
90248,29,2015
90249,62.4,2015
90250,49.6,2015
90254,9.1,2015
90255,43.9,2015
90260,33.4,2015
90262,47.7,2015
90265,9.7,2015
90266,8.5,2015
90270,45.9,2015
90272,7.8,2015
90274,8.2,2015
90275,10.6,2015
90277,15.5,2015
90278,14,2015
90280,32.8,2015
90291,24,2015
90292,13.7,2015
90293,16.6,2015
90301,71.2,2015
90302,80.8,2015
90303,67.7,2015
90304,39.4,2015
90305,92.6,2015
90401,45,2015
90403,16.8,2015
90404,41.2,2015
90405,15.5,2015
90501,36.2,2015
90502,31.3,2015
90503,17.1,2015
90504,27.2,2015
90505,16.4,2015
90601,45.8,2015
90602,57.4,2015
90603,36,2015
90604,37.4,2015
90605,33.9,2015
90606,31.7,2015
90620,33.5,2015
90621,43.8,2015
90623,15.3,2015
90630,23.6,2015
90631,31.4,2015
90638,28.7,2015
90640,37.9,2015
90650,39.9,2015
90660,39.4,2015
90670,45,2015
90680,43,2015
90701,18.4,2015
90703,26.6,2015
90706,38.6,2015
90710,31.3,2015
90712,162.1,2015
90713,24.6,2015
90715,33.8,2015
90716,48.2,2015
90717,37.1,2015
90720,24.8,2015
90723,41.1,2015
90731,76.8,2015
90732,35.2,2015
90740,17.1,2015
90744,53.3,2015
90745,33.4,2015
90746,50.6,2015
90755,33.8,2015
90802,59.6,2015
90803,12.1,2015
90804,75.9,2015
90805,72.3,2015
90806,87.1,2015
90807,26.7,2015
90808,27.9,2015
90810,59.3,2015
90813,130.7,2015
90814,25.8,2015
90815,17.7,2015
91001,29.2,2015
91006,14.4,2015
91007,15.2,2015
91010,34.9,2015
91011,15.3,2015
91016,30.8,2015
91020,21.2,2015
91024,15.1,2015
91030,17.6,2015
91040,29.8,2015
91042,23.7,2015
91101,18.6,2015
91103,46.5,2015
91104,26.6,2015
91105,12.9,2015
91106,17.1,2015
91107,18.3,2015
91201,25.8,2015
91202,19.9,2015
91203,45.2,2015
91204,49.2,2015
91205,36.8,2015
91206,30.7,2015
91207,21.5,2015
91208,9.1,2015
91214,32.4,2015
91301,13.7,2015
91302,15.2,2015
91303,64.1,2015
91304,42.6,2015
91306,45.5,2015
91307,35.1,2015
91311,27.1,2015
91316,51.2,2015
91320,14.8,2015
91321,40.1,2015
91324,44.8,2015
91325,46.1,2015
91326,16,2015
91331,62.3,2015
91335,53.9,2015
91340,62.2,2015
91342,43.4,2015
91343,57.3,2015
91344,35.1,2015
91345,38.7,2015
91350,24.5,2015
91351,44.4,2015
91352,58.2,2015
91354,14.6,2015
91355,25.3,2015
91356,40.3,2015
91360,15,2015
91361,8.9,2015
91362,20,2015
91364,22.9,2015
91367,30.5,2015
91381,10.6,2015
91384,24.9,2015
91387,43.8,2015
91390,11.8,2015
91401,38.8,2015
91402,70.4,2015
91403,40.8,2015
91405,68.1,2015
91406,48.6,2015
91411,61.8,2015
91423,25.3,2015
91436,23.1,2015
91501,29.8,2015
91502,21.5,2015
91504,23.5,2015
91505,25.7,2015
91506,27.5,2015
91601,43.9,2015
91602,24.7,2015
91604,16.5,2015
91605,62.4,2015
91606,50.9,2015
91607,39.9,2015
91701,27.1,2015
91702,41.3,2015
91706,42.3,2015
91708,39.2,2015
91709,19.2,2015
91710,26.9,2015
91711,17.1,2015
91722,34.7,2015
91723,41.5,2015
91724,35.6,2015
91730,33,2015
91731,37.8,2015
91732,48.5,2015
91733,37.7,2015
91737,19.8,2015
91739,19.3,2015
91740,35.4,2015
91741,24.3,2015
91744,49.8,2015
91745,28.2,2015
91746,33.4,2015
91748,16.2,2015
91750,26.9,2015
91752,40.2,2015
91754,21.6,2015
91755,14,2015
91761,28.3,2015
91762,56.7,2015
91763,45.3,2015
91764,47.1,2015
91765,17.2,2015
91766,51.9,2015
91767,70.3,2015
91768,47.1,2015
91770,22.9,2015
91773,30.9,2015
91775,17,2015
91776,21.5,2015
91780,14.5,2015
91784,16.3,2015
91786,44.6,2015
91789,13.7,2015
91790,35,2015
91791,31,2015
91792,34.1,2015
91801,29.7,2015
91803,20.4,2015
91901,12.1,2015
91902,18.9,2015
91910,38.3,2015
91911,47.2,2015
91913,16.4,2015
91915,10.1,2015
91932,60.8,2015
91941,25.3,2015
91942,33.6,2015
91945,61.2,2015
91950,65.5,2015
91977,38.7,2015
91978,31.3,2015
92007,17.1,2015
92008,14.5,2015
92009,6.4,2015
92010,14.5,2015
92011,10.6,2015
92019,26,2015
92020,49.9,2015
92021,58.8,2015
92024,13,2015
92025,35.8,2015
92026,24.7,2015
92027,28.6,2015
92028,16.6,2015
92029,7.3,2015
92037,7.9,2015
92040,28.4,2015
92054,24.9,2015
92056,28.9,2015
92057,11.9,2015
92058,60.1,2015
92061,55.9,2015
92064,11.4,2015
92065,16.6,2015
92069,14.9,2015
92071,28.8,2015
92078,10.9,2015
92081,28.3,2015
92082,22.2,2015
92083,31.2,2015
92084,28.2,2015
92101,52.9,2015
92102,58.8,2015
92103,53.5,2015
92104,39.7,2015
92105,50.3,2015
92106,20.4,2015
92107,13,2015
92108,16.3,2015
92109,11.6,2015
92110,35.5,2015
92111,23,2015
92113,75.9,2015
92114,76.9,2015
92115,42.2,2015
92116,26.2,2015
92117,27.1,2015
92118,14,2015
92119,23,2015
92120,24.8,2015
92122,12.6,2015
92123,36.6,2015
92124,21.8,2015
92126,23.1,2015
92127,12.6,2015
92128,14.5,2015
92129,18.2,2015
92130,5.4,2015
92131,11.3,2015
92139,37.9,2015
92154,30.3,2015
92173,35.8,2015
92201,44.3,2015
92203,28.6,2015
92211,42.3,2015
92220,61.6,2015
92223,34.7,2015
92225,45.2,2015
92227,85,2015
92230,51.7,2015
92231,34.4,2015
92233,28.6,2015
92234,32,2015
92236,59,2015
92240,58,2015
92241,23.3,2015
92243,66.5,2015
92249,31.6,2015
92250,44.3,2015
92251,47.4,2015
92252,45.4,2015
92253,23.4,2015
92257,84.8,2015
92260,13.7,2015
92262,49.4,2015
92264,32,2015
92270,13.4,2015
92274,17.5,2015
92277,33.1,2015
92284,39.5,2015
92301,95.3,2015
92307,88.4,2015
92308,56,2015
92311,200.6,2015
92313,24.5,2015
92314,35.8,2015
92315,76.2,2015
92316,58.7,2015
92320,37,2015
92324,46.3,2015
92325,88.8,2015
92335,49.8,2015
92336,29.6,2015
92337,32.3,2015
92342,62.6,2015
92344,32.8,2015
92345,73.5,2015
92346,32.3,2015
92354,24.7,2015
92356,88,2015
92359,30.9,2015
92363,129.9,2015
92371,52.7,2015
92372,54.4,2015
92373,27.4,2015
92374,32.7,2015
92376,61.4,2015
92377,44.5,2015
92392,65.1,2015
92394,62.1,2015
92395,93.9,2015
92399,25.9,2015
92404,102.5,2015
92405,81.5,2015
92407,64.2,2015
92408,62.8,2015
92410,96,2015
92411,122.7,2015
92501,87.3,2015
92503,39.6,2015
92504,49.5,2015
92505,43.5,2015
92506,30.9,2015
92507,55.3,2015
92508,18.7,2015
92509,40.5,2015
92530,41.6,2015
92532,98.5,2015
92543,107.1,2015
92544,41.7,2015
92545,48.3,2015
92548,56.4,2015
92551,50.8,2015
92553,58.7,2015
92555,44.8,2015
92557,28,2015
92562,24.9,2015
92563,28.1,2015
92567,31.1,2015
92570,44.1,2015
92571,37.6,2015
92582,30.2,2015
92583,48.6,2015
92584,39.6,2015
92585,27.5,2015
92586,62.3,2015
92587,15.3,2015
92591,31.4,2015
92592,19.9,2015
92595,33,2015
92596,26.7,2015
92602,15.2,2015
92603,17.6,2015
92604,13.3,2015
92606,13,2015
92610,14.6,2015
92612,13.4,2015
92614,16.5,2015
92618,21.4,2015
92620,12.7,2015
92624,35,2015
92625,13.5,2015
92626,20.8,2015
92627,32.6,2015
92629,17.4,2015
92630,18,2015
92637,31.7,2015
92646,22.4,2015
92647,32,2015
92648,19.8,2015
92649,17.1,2015
92651,17.5,2015
92653,17,2015
92655,81.1,2015
92656,13.6,2015
92660,14.3,2015
92663,16.9,2015
92672,21.6,2015
92673,20.5,2015
92675,13.3,2015
92677,17,2015
92679,8.8,2015
92683,31,2015
92688,13.2,2015
92691,24.6,2015
92692,11,2015
92694,8.2,2015
92701,49.5,2015
92703,50.9,2015
92704,25.2,2015
92705,39.8,2015
92706,19.1,2015
92707,28.5,2015
92708,23.9,2015
92780,15,2015
92782,16.1,2015
92801,36.3,2015
92802,30.7,2015
92804,35.1,2015
92805,34.4,2015
92806,42.5,2015
92807,18.6,2015
92808,10.6,2015
92821,24.7,2015
92831,27.6,2015
92832,46.3,2015
92833,33.4,2015
92835,25.7,2015
92840,35.8,2015
92841,30.4,2015
92843,43.3,2015
92844,29.8,2015
92845,21.9,2015
92860,21.4,2015
92865,20.2,2015
92866,36.7,2015
92867,16.1,2015
92868,18.5,2015
92869,21.1,2015
92870,32.1,2015
92879,36.2,2015
92880,28.1,2015
92881,18.4,2015
92882,27.4,2015
92883,20.2,2015
92886,18.6,2015
92887,16.2,2015
93001,37.4,2015
93003,20.4,2015
93004,25.4,2015
93010,29.2,2015
93012,13.3,2015
93013,24.4,2015
93015,27.3,2015
93021,17.8,2015
93022,55.5,2015
93023,19.2,2015
93030,45.6,2015
93033,27.1,2015
93035,34.7,2015
93036,21.4,2015
93041,51,2015
93060,28.9,2015
93063,29.5,2015
93065,24.8,2015
93101,36.9,2015
93103,40.7,2015
93105,21.9,2015
93109,14.1,2015
93110,22.6,2015
93111,33.8,2015
93117,21.3,2015
93202,81.5,2015
93203,31.6,2015
93210,37.4,2015
93212,48.2,2015
93215,28.1,2015
93219,29.5,2015
93221,26.5,2015
93223,51,2015
93230,77.2,2015
93234,52.8,2015
93235,42.3,2015
93240,83.7,2015
93241,24.9,2015
93245,60.1,2015
93247,22.7,2015
93250,46.1,2015
93257,44.7,2015
93263,29,2015
93267,46.6,2015
93268,32.8,2015
93270,44.5,2015
93274,57.3,2015
93277,29.7,2015
93280,29.6,2015
93285,43.3,2015
93286,29,2015
93291,40.8,2015
93292,32.8,2015
93301,153.4,2015
93304,106.7,2015
93305,111.1,2015
93306,48.9,2015
93307,71.4,2015
93308,66.5,2015
93309,61.5,2015
93311,25.6,2015
93312,18.6,2015
93313,36.9,2015
93314,19.2,2015
93401,32.1,2015
93402,42.7,2015
93405,10.4,2015
93420,32.9,2015
93422,27.7,2015
93433,42.7,2015
93434,64.1,2015
93436,33.6,2015
93442,23.6,2015
93444,37.4,2015
93445,34.5,2015
93446,37,2015
93451,51.8,2015
93454,57.6,2015
93455,31.9,2015
93458,32.5,2015
93460,37.3,2015
93463,24.3,2015
93465,25.2,2015
93501,85.6,2015
93505,81.6,2015
93510,27.7,2015
93514,37.4,2015
93534,113.9,2015
93535,101,2015
93536,34,2015
93543,64.2,2015
93546,35,2015
93550,83.8,2015
93551,32.4,2015
93552,54,2015
93555,70.6,2015
93560,53.4,2015
93561,50.9,2015
93591,89.6,2015
93609,47.4,2015
93610,28.7,2015
93611,22.7,2015
93612,65.3,2015
93614,17.1,2015
93618,43.2,2015
93619,10.8,2015
93620,92.8,2015
93622,43.1,2015
93625,54.7,2015
93630,21.5,2015
93631,43.2,2015
93635,114.7,2015
93636,24.4,2015
93637,56.4,2015
93638,54.9,2015
93640,28.1,2015
93644,16.3,2015
93646,62,2015
93647,45.7,2015
93648,88,2015
93650,192.7,2015
93654,42.4,2015
93656,28.8,2015
93657,44.4,2015
93662,77.2,2015
93701,113.4,2015
93702,72.5,2015
93703,81.7,2015
93704,54.4,2015
93705,86.7,2015
93706,87.5,2015
93710,58.4,2015
93711,22.8,2015
93720,31,2015
93721,65.3,2015
93722,47.7,2015
93723,46.2,2015
93725,56.8,2015
93726,77.4,2015
93727,43.4,2015
93728,79.2,2015
93901,72.9,2015
93905,65.2,2015
93906,55.4,2015
93907,39.5,2015
93908,12.6,2015
93926,45,2015
93927,28.9,2015
93930,22.5,2015
93933,36.7,2015
93940,21,2015
93950,34.2,2015
93955,46,2015
93960,25.2,2015
94002,14.3,2015
94005,55.3,2015
94010,17.3,2015
94014,49.8,2015
94015,46.1,2015
94019,22.9,2015
94025,19.6,2015
94030,30.8,2015
94040,19,2015
94041,14.1,2015
94043,10.3,2015
94044,35.1,2015
94061,34.2,2015
94062,11.9,2015
94063,69.6,2015
94066,45.7,2015
94070,16.1,2015
94080,47.5,2015
94085,21.9,2015
94086,14.1,2015
94087,8.6,2015
94089,30,2015
94102,82.4,2015
94103,71.8,2015
94107,32.3,2015
94108,12.9,2015
94109,27.6,2015
94110,47.2,2015
94112,31.7,2015
94114,18.4,2015
94115,39.8,2015
94116,16.1,2015
94117,30.3,2015
94118,6.1,2015
94121,16.6,2015
94122,12.7,2015
94123,9.1,2015
94124,82.9,2015
94127,9.7,2015
94130,64.9,2015
94131,16.6,2015
94132,20,2015
94133,26.7,2015
94134,32.8,2015
94303,47.6,2015
94306,9.9,2015
94401,37.9,2015
94402,32.4,2015
94403,31,2015
94404,16.7,2015
94501,43.3,2015
94502,21.1,2015
94503,50.7,2015
94505,27.6,2015
94506,11.7,2015
94507,17.6,2015
94509,137.4,2015
94510,41.9,2015
94511,145.7,2015
94513,36.8,2015
94515,29.1,2015
94517,35.6,2015
94518,33.3,2015
94519,48.2,2015
94520,96,2015
94521,35.4,2015
94523,21.6,2015
94526,15.6,2015
94530,22.1,2015
94531,70.6,2015
94533,94,2015
94534,34.5,2015
94536,35.2,2015
94538,37.7,2015
94539,17.9,2015
94541,73.8,2015
94542,13.9,2015
94544,90.1,2015
94545,72.9,2015
94546,46.9,2015
94547,34.1,2015
94549,29.4,2015
94550,23.9,2015
94551,19.8,2015
94552,16.3,2015
94553,42,2015
94555,36.5,2015
94558,34.7,2015
94559,34,2015
94560,59.7,2015
94561,56.7,2015
94564,37.5,2015
94565,107.3,2015
94566,18,2015
94568,20.5,2015
94571,56.6,2015
94572,203.3,2015
94577,52.6,2015
94578,71.6,2015
94579,48.2,2015
94580,63.6,2015
94582,19.6,2015
94583,27.1,2015
94585,80.7,2015
94587,46.8,2015
94590,145.4,2015
94591,44,2015
94595,20.5,2015
94596,29,2015
94597,20.2,2015
94598,22.7,2015
94599,47.1,2015
94601,97.8,2015
94602,53.7,2015
94603,167.5,2015
94605,136.8,2015
94606,63.6,2015
94607,114.6,2015
94608,97,2015
94609,82.7,2015
94610,27.7,2015
94611,25.5,2015
94612,71.5,2015
94619,56.5,2015
94621,138.3,2015
94702,66.8,2015
94703,55.1,2015
94704,32.3,2015
94705,23.8,2015
94706,18.2,2015
94707,18.5,2015
94709,13.5,2015
94710,58.7,2015
94801,115.2,2015
94803,44.2,2015
94804,110.8,2015
94805,55.7,2015
94806,81.4,2015
94901,17.4,2015
94903,22.8,2015
94928,39.1,2015
94931,40,2015
94941,10.9,2015
94945,26,2015
94947,36.2,2015
94949,29,2015
94952,33,2015
94954,28.1,2015
94965,13.1,2015
95003,16.4,2015
95005,35.5,2015
95006,21.1,2015
95008,24.5,2015
95010,27.8,2015
95012,65.7,2015
95014,6.9,2015
95019,36.6,2015
95020,50.1,2015
95023,41.6,2015
95030,17.2,2015
95032,9.7,2015
95033,19.9,2015
95035,22.5,2015
95037,30.7,2015
95045,34.2,2015
95046,52.5,2015
95050,20.9,2015
95051,24,2015
95054,28.3,2015
95060,21.4,2015
95062,25.4,2015
95065,50.8,2015
95066,9.6,2015
95070,6.7,2015
95073,27.3,2015
95076,39.7,2015
95110,38.1,2015
95111,62.4,2015
95112,68.2,2015
95116,91.1,2015
95117,28.1,2015
95118,31,2015
95119,43,2015
95120,19.6,2015
95121,36.6,2015
95122,56.5,2015
95123,47,2015
95124,25.6,2015
95125,35.6,2015
95126,38.2,2015
95127,42.1,2015
95128,37.3,2015
95129,15.6,2015
95130,22.7,2015
95131,20.3,2015
95132,27.1,2015
95133,34.9,2015
95134,19.2,2015
95135,20.1,2015
95136,34.6,2015
95138,24.5,2015
95148,41.8,2015
95202,267.5,2015
95203,103.8,2015
95204,58.5,2015
95205,84,2015
95206,67.7,2015
95207,74.1,2015
95209,40,2015
95210,63.3,2015
95212,26.1,2015
95215,46.6,2015
95219,26.5,2015
95220,22.4,2015
95231,51.7,2015
95240,43.5,2015
95242,19.2,2015
95249,126,2015
95252,44.2,2015
95258,82.6,2015
95301,46.3,2015
95304,30.9,2015
95307,41.2,2015
95315,49.1,2015
95316,38.9,2015
95320,43.1,2015
95322,60.6,2015
95324,23.3,2015
95326,22.9,2015
95327,61.5,2015
95328,49.6,2015
95330,67.3,2015
95334,29.3,2015
95336,77.5,2015
95337,60.9,2015
95338,72.8,2015
95340,112.7,2015
95341,67.5,2015
95348,71,2015
95350,79.7,2015
95351,95.8,2015
95354,86,2015
95355,45.6,2015
95356,36.1,2015
95357,40.2,2015
95358,68.1,2015
95360,41,2015
95361,42.6,2015
95363,25.9,2015
95365,45,2015
95366,26.2,2015
95367,45.9,2015
95368,26.5,2015
95370,57.1,2015
95376,87.8,2015
95377,40.4,2015
95380,58.3,2015
95382,33.5,2015
95386,46,2015
95388,50.7,2015
95391,28.1,2015
95401,37.9,2015
95403,35.9,2015
95404,26.1,2015
95405,44.2,2015
95407,47.4,2015
95409,25,2015
95422,116.1,2015
95423,68.9,2015
95425,21.9,2015
95436,52.8,2015
95437,56.8,2015
95446,84.4,2015
95448,34.1,2015
95451,45.6,2015
95453,58,2015
95457,136,2015
95458,87.3,2015
95464,78.4,2015
95467,41.3,2015
95470,38.4,2015
95472,22.4,2015
95476,20.1,2015
95482,54.3,2015
95490,68,2015
95492,38.7,2015
95501,87.3,2015
95503,54.3,2015
95519,56.1,2015
95521,47.2,2015
95531,47.3,2015
95540,82.3,2015
95562,64.5,2015
95602,75.3,2015
95603,36.3,2015
95605,84.1,2015
95608,77.2,2015
95610,57,2015
95616,17,2015
95618,18.4,2015
95620,41.5,2015
95621,45.5,2015
95624,35.3,2015
95626,60.7,2015
95628,31.2,2015
95630,17.7,2015
95632,41.6,2015
95640,27.3,2015
95642,82.2,2015
95648,23.8,2015
95650,21,2015
95655,36.3,2015
95660,129.5,2015
95661,32.9,2015
95662,49.1,2015
95665,43.9,2015
95666,34.9,2015
95667,31.2,2015
95670,53.2,2015
95673,42.5,2015
95677,30.1,2015
95678,31.1,2015
95682,33.6,2015
95683,33.2,2015
95685,81.6,2015
95687,54,2015
95688,48.1,2015
95691,50.1,2015
95694,28.1,2015
95695,42.3,2015
95713,54.7,2015
95726,56.3,2015
95742,46.3,2015
95746,26.1,2015
95747,26.8,2015
95757,38.3,2015
95758,41.6,2015
95762,13.8,2015
95765,19.2,2015
95776,46.1,2015
95811,176.1,2015
95814,71.5,2015
95815,142.9,2015
95816,51.4,2015
95817,75.5,2015
95818,37.6,2015
95819,10.1,2015
95820,79.7,2015
95821,107.9,2015
95822,72.3,2015
95823,118.4,2015
95824,95,2015
95825,103.8,2015
95826,73,2015
95827,50.1,2015
95828,72.2,2015
95829,40.4,2015
95831,33.4,2015
95832,137.9,2015
95833,57.5,2015
95834,54,2015
95835,49.9,2015
95838,121.3,2015
95841,88.8,2015
95842,78.5,2015
95843,36.8,2015
95864,35.8,2015
95901,58.5,2015
95917,66.2,2015
95926,52.4,2015
95928,37.6,2015
95932,43.7,2015
95945,67.5,2015
95946,59.6,2015
95948,71,2015
95949,22.1,2015
95953,29.7,2015
95954,45.9,2015
95959,45,2015
95961,32.3,2015
95963,31.6,2015
95965,48.2,2015
95966,45.9,2015
95969,40,2015
95971,31.7,2015
95973,38.1,2015
95987,32.8,2015
95988,63.5,2015
95991,42.4,2015
95993,17.5,2015
96001,59.8,2015
96002,64.7,2015
96003,44,2015
96007,46.1,2015
96013,30.8,2015
96019,63.4,2015
96020,79.8,2015
96021,49.7,2015
96022,25.9,2015
96035,50.1,2015
96064,42.6,2015
96067,24.1,2015
96080,49.5,2015
96088,33.2,2015
96093,72.5,2015
96094,55.9,2015
96097,78.4,2015
96101,64.3,2015
96122,119.6,2015
96130,37.6,2015
96137,121.1,2015
96150,28.3,2015
96161,30.3,2015
95829,31.9,2016
95831,32.4,2016
95832,100.2,2016
95833,60.2,2016
95834,38.2,2016
95835,27.7,2016
95838,113.2,2016
95841,68.6,2016
95842,82.8,2016
95843,46.2,2016
95864,41.6,2016
95901,47.1,2016
95926,38.1,2016
95928,34.8,2016
95932,19.7,2016
95945,55.7,2016
95946,19.3,2016
95948,37.8,2016
95949,28.6,2016
95953,25,2016
95954,30.3,2016
95959,23.2,2016
95961,35.9,2016
95963,29.1,2016
95965,42.4,2016
95966,36,2016
95969,35.9,2016
95971,54.3,2016
95973,25.9,2016
95987,26,2016
95988,42.4,2016
95991,36.1,2016
95993,19.5,2016
96001,39.4,2016
96002,51.5,2016
96003,26.6,2016
96007,35.8,2016
96019,27.7,2016
96021,52,2016
96022,16.2,2016
96035,64,2016
96067,37.5,2016
96080,62.8,2016
96088,48.6,2016
96097,54.8,2016
96101,100.8,2016
96122,90.8,2016
96130,28.7,2016
96137,65.9,2016
96150,27.6,2016
96161,18.2,2016
90001,51.4,2016
90002,66.7,2016
90003,79.7,2016
90004,31.9,2016
90005,20.9,2016
90006,28.7,2016
90007,34.8,2016
90008,80.7,2016
90011,39.6,2016
90012,15.9,2016
90013,75.9,2016
90014,69.4,2016
90015,56.9,2016
90016,62.6,2016
90017,56.3,2016
90018,52.8,2016
90019,42,2016
90020,29.6,2016
90021,109.1,2016
90022,41.1,2016
90023,41.6,2016
90024,14.3,2016
90025,18.3,2016
90026,28.5,2016
90027,24.8,2016
90028,39.2,2016
90029,44.1,2016
90031,34.9,2016
90032,38.4,2016
90033,58.7,2016
90034,19,2016
90035,15.7,2016
90036,19.3,2016
90037,56.8,2016
90038,34.5,2016
90039,32.7,2016
90040,34.3,2016
90041,27.5,2016
90042,22.3,2016
90043,110.5,2016
90044,85,2016
90045,14.6,2016
90046,17.2,2016
90047,90.7,2016
90048,13.6,2016
90049,7.6,2016
90056,43.2,2016
90057,46.4,2016
90058,54.5,2016
90059,87.4,2016
90061,94.3,2016
90062,68.8,2016
90063,30,2016
90064,20.7,2016
90065,50.9,2016
90066,18.1,2016
90068,12.1,2016
90069,18.2,2016
90094,26,2016
90201,35.8,2016
90210,26.4,2016
90211,24.3,2016
90212,39.2,2016
90220,73.4,2016
90221,62.3,2016
90222,98,2016
90230,33.8,2016
90232,32.8,2016
90240,27,2016
90241,30.5,2016
90242,35.1,2016
90245,13.3,2016
90247,53.1,2016
90248,22.5,2016
90249,48,2016
90250,42.6,2016
90254,11.2,2016
90255,41.1,2016
90260,41.3,2016
90262,44.1,2016
90265,11.6,2016
90266,7.6,2016
90270,34.7,2016
90272,6.9,2016
90274,9.8,2016
90275,10.7,2016
90277,13.4,2016
90278,18.2,2016
90280,35.4,2016
90291,19.7,2016
90292,26.7,2016
90301,58.7,2016
90302,58.2,2016
90303,57.4,2016
90304,26.6,2016
90305,58.4,2016
90401,60.2,2016
90403,16.6,2016
90404,46.3,2016
90405,18.7,2016
90501,41.5,2016
90502,35,2016
90503,16.3,2016
90504,20.6,2016
90505,15,2016
90601,38.4,2016
90602,51.7,2016
90603,32.8,2016
90604,30,2016
90605,31.4,2016
90606,37.4,2016
90620,29.2,2016
90621,29.1,2016
90623,23.5,2016
90630,16.2,2016
90631,27.5,2016
90638,20.2,2016
90640,35.8,2016
90650,31.8,2016
90660,36.1,2016
90670,39,2016
90680,36.2,2016
90701,19.9,2016
90703,25,2016
90706,38.2,2016
90710,35.9,2016
90712,155.2,2016
90713,17.4,2016
90715,23.9,2016
90716,14.8,2016
90717,34.8,2016
90720,28.6,2016
90723,39.3,2016
90731,66.4,2016
90732,24.1,2016
90740,17.7,2016
90744,48.1,2016
90745,42,2016
90746,53.3,2016
90755,30.4,2016
90802,55.6,2016
90803,13.8,2016
90804,74.4,2016
90805,56.7,2016
90806,63.1,2016
90807,35.6,2016
90808,13.6,2016
90810,43.9,2016
90813,101.3,2016
90814,28.2,2016
90815,18.4,2016
91001,34.2,2016
91006,8,2016
91007,9,2016
91010,40,2016
91011,13.6,2016
91016,34.6,2016
91030,13.4,2016
91040,26.2,2016
91042,17.3,2016
91101,18.6,2016
91103,27.3,2016
91104,25.6,2016
91105,17.7,2016
91106,18.1,2016
91107,11.7,2016
91201,22.8,2016
91202,18.5,2016
91203,28.7,2016
91204,38.3,2016
91205,41.5,2016
91206,21.7,2016
91208,17.4,2016
91214,19.5,2016
91301,16.8,2016
91302,23.9,2016
91303,53.1,2016
91304,39,2016
91306,52.7,2016
91307,28.7,2016
91311,30.2,2016
91316,50.8,2016
91320,17.6,2016
91321,28,2016
91324,61.9,2016
91325,35.4,2016
91326,24.8,2016
91331,60.7,2016
91335,58.8,2016
91340,59.2,2016
91342,44.1,2016
91343,58,2016
91344,30.4,2016
91345,45.8,2016
91350,21.7,2016
91351,40,2016
91352,49.1,2016
91354,20.7,2016
91355,22,2016
91356,41,2016
91360,16.6,2016
91361,7.6,2016
91362,12.6,2016
91364,30.4,2016
91367,26.1,2016
91381,12.1,2016
91384,18.9,2016
91387,32.7,2016
91390,26,2016
91401,36.9,2016
91402,65.8,2016
91403,31.7,2016
91405,86.1,2016
91406,59,2016
91411,55.5,2016
91423,19.2,2016
91436,23.5,2016
91501,17.7,2016
91502,23.2,2016
91504,17.4,2016
91505,23.1,2016
91506,20.3,2016
91601,39.2,2016
91602,19.3,2016
91604,20,2016
91605,56.1,2016
91606,43.5,2016
91607,21.8,2016
91701,19.6,2016
91702,43.6,2016
91706,46.9,2016
91709,15.1,2016
91710,26.4,2016
91711,15.4,2016
91722,33.6,2016
91723,47.4,2016
91724,33.9,2016
91730,25.4,2016
91731,29.9,2016
91732,41.6,2016
91733,35.9,2016
91737,20,2016
91739,19.8,2016
91740,30.1,2016
91741,25.1,2016
91744,40.3,2016
91745,27.6,2016
91746,31.3,2016
91748,19.8,2016
91750,34.6,2016
91752,20.7,2016
91754,19,2016
91755,17,2016
91761,36.8,2016
91762,41,2016
91763,44,2016
91764,45.9,2016
91765,16.5,2016
91766,45.4,2016
91767,63.9,2016
91768,43.7,2016
91770,22.7,2016
91773,22,2016
91775,15,2016
91776,23.8,2016
91780,18.3,2016
91784,13.2,2016
91786,49.5,2016
91789,14.1,2016
91790,37.6,2016
91791,24.1,2016
91792,32.1,2016
91801,23,2016
91803,22.6,2016
91901,13.6,2016
91902,13.2,2016
91910,28.6,2016
91911,37.7,2016
91913,11,2016
91914,9.7,2016
91915,17,2016
91932,32.5,2016
91941,29.3,2016
91942,21.2,2016
91945,51.9,2016
91950,45,2016
91977,33.7,2016
91978,25.3,2016
92007,15.9,2016
92008,14.1,2016
92009,6.1,2016
92010,14.1,2016
92011,9.7,2016
92019,17.5,2016
92020,25.7,2016
92021,33.4,2016
92024,12.6,2016
92025,27.1,2016
92026,18,2016
92027,25.6,2016
92028,19.3,2016
92037,10.4,2016
92040,19.5,2016
92054,24.8,2016
92056,26,2016
92057,17.8,2016
92058,31.4,2016
92059,115.7,2016
92064,18.1,2016
92065,11.1,2016
92069,10.6,2016
92071,17.1,2016
92078,12.8,2016
92081,20,2016
92082,19,2016
92083,37,2016
92084,25.8,2016
92101,48.6,2016
92102,42.1,2016
92103,32.1,2016
92104,24.7,2016
92105,46.1,2016
92106,19.1,2016
92107,13.4,2016
92108,16.3,2016
92109,13.5,2016
92110,32.6,2016
92111,24.8,2016
92113,62.8,2016
92114,74.1,2016
92115,36,2016
92116,20.3,2016
92117,18.5,2016
92118,10.1,2016
92119,23.7,2016
92120,18.7,2016
92122,12.2,2016
92123,26.7,2016
92124,8.7,2016
92126,19.5,2016
92127,11.6,2016
92128,6,2016
92129,10.1,2016
92130,6.7,2016
92131,8.6,2016
92139,29.8,2016
92154,20.6,2016
92173,40.5,2016
92201,30,2016
92203,14.2,2016
92211,28.7,2016
92220,65.8,2016
92223,34.7,2016
92225,46.8,2016
92227,67.8,2016
92230,100,2016
92231,37.2,2016
92233,39.6,2016
92234,27,2016
92236,29.8,2016
92240,46.6,2016
92241,27,2016
92243,51.1,2016
92249,26.9,2016
92250,44.4,2016
92251,34,2016
92252,43.9,2016
92253,26.1,2016
92254,13.3,2016
92260,15.9,2016
92262,43.8,2016
92264,27.6,2016
92270,53.6,2016
92274,9.2,2016
92276,28.8,2016
92277,22.9,2016
92284,36,2016
92301,56.4,2016
92307,68.6,2016
92308,38,2016
92311,161.3,2016
92313,16.1,2016
92314,46.9,2016
92315,69.9,2016
92316,43.7,2016
92317,142.7,2016
92320,33.3,2016
92324,50.9,2016
92325,52.6,2016
92327,288.3,2016
92335,41,2016
92336,26.9,2016
92337,25.7,2016
92342,50.6,2016
92344,19,2016
92345,39.2,2016
92346,31.9,2016
92352,29.8,2016
92354,21.3,2016
92356,48.4,2016
92359,29.5,2016
92363,101.4,2016
92371,39,2016
92373,26.2,2016
92374,33,2016
92376,49.8,2016
92377,30.3,2016
92392,60.1,2016
92394,51.6,2016
92395,76.1,2016
92398,148.4,2016
92399,23.4,2016
92401,166.6,2016
92404,84.1,2016
92405,76,2016
92407,44.2,2016
92408,32.8,2016
92410,70.9,2016
92411,89.8,2016
92501,87.9,2016
92503,36.1,2016
92504,37.9,2016
92505,35.8,2016
92506,38,2016
92507,46.9,2016
92508,18.2,2016
92509,37.4,2016
92530,38.1,2016
92532,23.1,2016
92543,78.2,2016
92544,44.7,2016
92545,38,2016
92548,42.1,2016
92551,49.3,2016
92553,50,2016
92555,38.2,2016
92557,33.6,2016
92562,27.8,2016
92563,24.8,2016
92567,16.3,2016
92570,41.1,2016
92571,43.8,2016
92582,30.1,2016
92583,41.6,2016
92584,25.4,2016
92585,25.8,2016
92586,53.8,2016
92587,30.9,2016
92590,38.1,2016
92591,23.8,2016
92592,22,2016
92595,32.9,2016
92596,33.3,2016
92602,16.1,2016
92604,12.1,2016
92606,14.8,2016
92612,18.7,2016
92614,14.4,2016
92618,30.1,2016
92620,11.1,2016
92626,14.9,2016
92627,29,2016
92629,10.3,2016
92630,18.9,2016
92637,27.9,2016
92646,18.7,2016
92647,31.7,2016
92648,18.8,2016
92649,13.7,2016
92651,19.6,2016
92653,19.4,2016
92655,32.6,2016
92656,10.2,2016
92660,10.4,2016
92663,9.4,2016
92672,14,2016
92673,9.1,2016
92675,10.1,2016
92677,12.1,2016
92679,8.1,2016
92683,22.2,2016
92688,11.2,2016
92691,14.1,2016
92692,14,2016
92701,35.9,2016
92703,29.3,2016
92704,23.2,2016
92705,16.1,2016
92706,19.3,2016
92707,24.7,2016
92708,16.8,2016
92780,18.3,2016
92782,11.3,2016
92801,33.6,2016
92802,29.8,2016
92804,31.4,2016
92805,35.4,2016
92806,36.2,2016
92807,19.2,2016
92808,9.5,2016
92821,20.7,2016
92831,23.9,2016
92832,31,2016
92833,21,2016
92835,17.5,2016
92840,22.5,2016
92841,19.6,2016
92843,26.7,2016
92844,18.5,2016
92845,9.7,2016
92860,16.1,2016
92865,19.7,2016
92866,30.4,2016
92867,16.5,2016
92868,22.2,2016
92869,12.5,2016
92870,26.9,2016
92879,28.2,2016
92880,21.4,2016
92881,14.4,2016
92882,23.2,2016
92883,17.9,2016
92886,11.4,2016
92887,13.2,2016
93001,28.3,2016
93003,23.3,2016
93004,23.3,2016
93010,15.6,2016
93012,13.1,2016
93013,17.1,2016
93015,26.6,2016
93021,19.2,2016
93023,31.8,2016
93030,31.1,2016
93033,26.2,2016
93035,25.6,2016
93036,24.7,2016
93040,112.3,2016
93041,31.9,2016
93060,23.6,2016
93063,31.3,2016
93065,26.1,2016
93101,29.8,2016
93103,30.5,2016
93105,21.1,2016
93110,21.6,2016
93111,18.7,2016
93117,21.7,2016
93202,131.9,2016
93203,19.5,2016
93204,19.4,2016
93205,99.4,2016
93206,80.8,2016
93210,32.8,2016
93212,22.7,2016
93215,27.2,2016
93221,31.3,2016
93223,48.5,2016
93230,62.8,2016
93234,48,2016
93240,80.3,2016
93241,24.3,2016
93245,39.8,2016
93247,14.5,2016
93250,22.8,2016
93256,31.1,2016
93257,35.1,2016
93263,28.4,2016
93267,39.8,2016
93268,21.7,2016
93270,45.3,2016
93274,43,2016
93277,29.2,2016
93280,17,2016
93286,24.4,2016
93291,31.9,2016
93292,27,2016
93301,121.1,2016
93304,90.3,2016
93305,103.9,2016
93306,45.9,2016
93307,50.1,2016
93308,49.5,2016
93309,40.3,2016
93311,24.8,2016
93312,15,2016
93313,38.2,2016
93314,18.3,2016
93401,34.3,2016
93402,37.5,2016
93405,15.8,2016
93420,38.5,2016
93422,33.4,2016
93427,35.8,2016
93428,23.6,2016
93433,40.8,2016
93434,40.3,2016
93436,31.3,2016
93442,23.7,2016
93444,39,2016
93445,41.6,2016
93446,33.9,2016
93454,53,2016
93455,28.5,2016
93458,30.5,2016
93460,38.1,2016
93463,32.7,2016
93465,18.2,2016
93501,119.9,2016
93505,40.5,2016
93510,30.5,2016
93514,29.4,2016
93534,111.2,2016
93535,113.7,2016
93536,40.8,2016
93543,67.9,2016
93546,21.7,2016
93550,84.5,2016
93551,34.8,2016
93552,52.6,2016
93555,52.3,2016
93560,37.2,2016
93561,41.9,2016
93591,101.2,2016
93609,30.3,2016
93610,19.8,2016
93611,20.8,2016
93612,58.8,2016
93618,29.6,2016
93619,12,2016
93620,44.4,2016
93622,19.7,2016
93625,30.4,2016
93630,16.6,2016
93631,26.3,2016
93635,89,2016
93636,23.1,2016
93637,44,2016
93638,41,2016
93640,31.5,2016
93644,35.7,2016
93646,39.8,2016
93647,25.4,2016
93648,66.4,2016
93650,73.7,2016
93654,31.9,2016
93656,29.7,2016
93657,44.5,2016
93662,61.7,2016
93701,87.9,2016
93702,58.9,2016
93703,71.5,2016
93704,38.1,2016
93705,65.8,2016
93706,61,2016
93710,41.6,2016
93711,26.6,2016
93720,16.6,2016
93721,40.2,2016
93722,35.9,2016
93725,52.3,2016
93726,68.2,2016
93727,37.4,2016
93728,65.2,2016
93730,13.1,2016
93901,87,2016
93905,46.6,2016
93906,57.8,2016
93907,33.9,2016
93923,29.2,2016
93924,32,2016
93926,37.3,2016
93927,28.5,2016
93930,20.5,2016
93933,41.9,2016
93940,18.8,2016
93950,21.6,2016
93955,47.1,2016
93960,23.3,2016
94002,15.6,2016
94010,12.5,2016
94014,30.5,2016
94015,34.7,2016
94019,31.3,2016
94025,16.6,2016
94030,29.3,2016
94038,52.8,2016
94040,12.9,2016
94041,11.5,2016
94043,12.4,2016
94044,45,2016
94061,22.7,2016
94062,19.5,2016
94063,55.8,2016
94066,40.8,2016
94070,17.8,2016
94080,36.7,2016
94085,19.5,2016
94086,11.6,2016
94087,8.5,2016
94089,26.6,2016
94102,73.3,2016
94103,58.3,2016
94105,22.7,2016
94107,24.3,2016
94109,20.4,2016
94110,43.4,2016
94111,40.7,2016
94112,28.2,2016
94114,12.8,2016
94115,35.2,2016
94116,16.2,2016
94117,29.8,2016
94118,12.5,2016
94121,15.7,2016
94122,9.7,2016
94123,9.4,2016
94124,65.9,2016
94127,16.1,2016
94130,446.7,2016
94131,13.2,2016
94132,23.3,2016
94133,17.7,2016
94134,36.3,2016
94303,33.5,2016
94401,40.6,2016
94402,29.1,2016
94403,37.2,2016
94404,8.4,2016
94501,39.7,2016
94502,15.8,2016
94503,37.4,2016
94505,21.7,2016
94506,16.6,2016
94507,12,2016
94509,108.1,2016
94510,38.1,2016
94511,167.8,2016
94513,33.6,2016
94515,26,2016
94517,29.3,2016
94518,25.9,2016
94519,45.5,2016
94520,67.3,2016
94521,32.7,2016
94523,21.5,2016
94525,33.2,2016
94526,14.5,2016
94530,17.5,2016
94531,67.2,2016
94533,92.6,2016
94534,28.9,2016
94536,27.4,2016
94538,32.3,2016
94539,19.3,2016
94541,60,2016
94542,22.8,2016
94544,66.7,2016
94545,58.4,2016
94546,39.7,2016
94547,37.7,2016
94549,18.8,2016
94550,15,2016
94551,17.7,2016
94552,12.9,2016
94553,45.5,2016
94555,17.9,2016
94558,29.4,2016
94559,27,2016
94560,44.4,2016
94561,53.8,2016
94564,21,2016
94565,82.7,2016
94566,17.2,2016
94568,17.3,2016
94571,66.8,2016
94572,56.8,2016
94577,44.4,2016
94578,67.2,2016
94579,42.3,2016
94580,53.6,2016
94582,13.6,2016
94583,17.7,2016
94585,87.6,2016
94587,36.4,2016
94588,11,2016
94589,126.5,2016
94590,143,2016
94591,63,2016
94595,16,2016
94596,17.8,2016
94597,23.6,2016
94598,17.6,2016
94601,76.7,2016
94602,46.7,2016
94603,167.5,2016
94605,119.9,2016
94606,63.4,2016
94607,96.4,2016
94608,67.1,2016
94609,65.9,2016
94610,28.2,2016
94611,18,2016
94612,65.7,2016
94618,14.6,2016
94619,45.8,2016
94621,132.3,2016
94702,44.8,2016
94703,37.1,2016
94704,25.3,2016
94705,37.5,2016
94706,20.8,2016
94707,15.2,2016
94708,11.5,2016
94709,23,2016
94710,35.5,2016
94801,89.6,2016
94803,47.5,2016
94804,98.4,2016
94805,45.8,2016
94806,69.1,2016
94901,20.8,2016
94903,23.7,2016
94928,31.6,2016
94931,28.3,2016
94941,4.3,2016
94945,23.6,2016
94947,31.8,2016
94949,34,2016
94952,26,2016
94954,23.8,2016
94960,18.3,2016
94965,25.9,2016
95003,20.1,2016
95005,24,2016
95006,23,2016
95008,26.1,2016
95010,25.5,2016
95012,46.6,2016
95014,5.8,2016
95019,25.1,2016
95020,43.3,2016
95023,36.9,2016
95032,10.2,2016
95033,25.7,2016
95035,18.4,2016
95037,28.3,2016
95050,23.2,2016
95051,16,2016
95054,14.7,2016
95060,20.2,2016
95062,19.2,2016
95066,12.9,2016
95070,4.2,2016
95073,23.9,2016
95076,33.7,2016
95110,24.5,2016
95111,51,2016
95112,49.3,2016
95113,778,2016
95116,61.7,2016
95117,25,2016
95118,29.5,2016
95119,28.3,2016
95120,10.8,2016
95121,31.2,2016
95122,51.6,2016
95123,37.5,2016
95124,25.2,2016
95125,28.5,2016
95126,48.7,2016
95127,39.7,2016
95128,29.6,2016
95129,14.4,2016
95130,26.4,2016
95131,14.5,2016
95132,20.7,2016
95133,27.2,2016
95134,15.9,2016
95135,14.6,2016
95136,22.9,2016
95138,29.7,2016
95139,24,2016
95148,33.9,2016
95202,231.6,2016
95203,100.2,2016
95204,57.4,2016
95205,78.8,2016
95206,75,2016
95207,77.1,2016
95209,29.3,2016
95210,53.3,2016
95212,24,2016
95215,41.1,2016
95219,31.9,2016
95220,21.8,2016
95231,46.7,2016
95240,39.1,2016
95242,23.1,2016
95249,132.9,2016
95252,40,2016
95258,149.2,2016
95301,40.6,2016
95304,22,2016
95307,33.8,2016
95315,32.9,2016
95320,29,2016
95322,47.4,2016
95324,27,2016
95326,23.3,2016
95327,46.2,2016
95330,41.9,2016
95334,25.2,2016
95336,53.7,2016
95337,43.4,2016
95338,41.4,2016
95340,105.2,2016
95341,60.1,2016
95348,69.5,2016
95350,60.7,2016
95351,73.3,2016
95354,69,2016
95355,43.9,2016
95356,36.7,2016
95357,54.9,2016
95358,49,2016
95360,20.9,2016
95361,37.2,2016
95363,28.2,2016
95365,85.7,2016
95366,14.2,2016
95367,38.5,2016
95368,27.2,2016
95370,53.3,2016
95372,93,2016
95376,68.3,2016
95377,29.6,2016
95380,49.6,2016
95382,20.9,2016
95386,48.5,2016
95388,42.3,2016
95391,24.2,2016
95401,37.6,2016
95403,26.9,2016
95404,32.4,2016
95405,40.9,2016
95407,59,2016
95409,22,2016
95422,110.1,2016
95423,68,2016
95425,17.7,2016
95437,48.6,2016
95446,36.3,2016
95448,16.4,2016
95451,56.9,2016
95453,48.9,2016
95457,82.3,2016
95458,74.9,2016
95464,104.4,2016
95467,43,2016
95472,25.9,2016
95476,13.1,2016
95482,55.6,2016
95485,88.1,2016
95490,76.7,2016
95492,23.1,2016
95501,85.7,2016
95503,54.9,2016
95519,51.1,2016
95521,45.8,2016
95531,52.1,2016
95540,58,2016
95542,56.4,2016
95560,220.3,2016
95562,96.9,2016
95602,66.1,2016
95603,31,2016
95605,46.1,2016
95608,58,2016
95610,43.1,2016
95616,19.2,2016
95618,13.3,2016
95619,99.9,2016
95620,28.7,2016
95621,40.4,2016
95624,28,2016
95626,43.4,2016
95628,35.7,2016
95630,18.5,2016
95631,29.6,2016
95632,23.7,2016
95640,28.7,2016
95642,117.3,2016
95648,22,2016
95655,32,2016
95660,91,2016
95661,27.9,2016
95662,42.4,2016
95666,35.3,2016
95667,40.4,2016
95670,43.8,2016
95673,44.1,2016
95677,35.3,2016
95678,33.9,2016
95682,21,2016
95685,54.1,2016
95687,43.3,2016
95688,58.9,2016
95691,40.5,2016
95694,18,2016
95695,38.4,2016
95709,60.5,2016
95713,18.3,2016
95726,43.5,2016
95742,34.1,2016
95746,19.9,2016
95747,19.8,2016
95757,33.3,2016
95758,31.3,2016
95762,16.7,2016
95765,15.4,2016
95776,41,2016
95811,87.9,2016
95814,64.4,2016
95815,132.1,2016
95816,67.6,2016
95817,61.8,2016
95818,43.8,2016
95819,15.7,2016
95820,74.1,2016
95821,118.7,2016
95822,79.6,2016
95823,105.9,2016
95824,73.8,2016
95825,88.9,2016
95826,54.6,2016
95827,47.9,2016
95828,65.7,2016
95829,36.5,2017
95831,32,2017
95832,78.7,2017
95833,64.4,2017
95834,60,2017
95835,48.2,2017
95838,112,2017
95841,78.4,2017
95842,81.5,2017
95843,51.7,2017
95864,43.1,2017
95901,63.1,2017
95917,56.5,2017
95926,43.8,2017
95928,43.8,2017
95932,25.6,2017
95945,48.9,2017
95946,36.2,2017
95948,48.8,2017
95949,41.8,2017
95953,33.8,2017
95954,50,2017
95959,26.1,2017
95961,36.1,2017
95963,43.7,2017
95965,43.3,2017
95966,48.7,2017
95969,55.7,2017
95971,32.2,2017
95973,27.9,2017
95988,58.9,2017
95991,36.5,2017
95993,13.9,2017
96001,41.2,2017
96002,52.7,2017
96003,26.2,2017
96007,30.7,2017
96019,50.4,2017
96021,56.8,2017
96022,42.9,2017
96035,41.3,2017
96055,69.5,2017
96064,45.4,2017
96067,52,2017
96080,53.6,2017
96093,108.1,2017
96094,30.2,2017
96097,49.4,2017
96101,146.6,2017
96122,101,2017
96130,33.7,2017
96137,71.9,2017
96150,28.3,2017
96161,15.2,2017
90001,62.9,2017
90002,76.5,2017
90003,80.2,2017
90004,31.2,2017
90005,20.5,2017
90006,24.8,2017
90007,24.4,2017
90008,90.3,2017
90011,44.4,2017
90012,23.8,2017
90013,101.4,2017
90014,39.8,2017
90015,46.2,2017
90016,61.3,2017
90017,46.9,2017
90018,62.7,2017
90019,38.5,2017
90020,23,2017
90021,107,2017
90022,43,2017
90023,40.1,2017
90024,25.4,2017
90025,13.3,2017
90026,26.8,2017
90027,22.6,2017
90028,47,2017
90029,39.1,2017
90031,30.8,2017
90032,44.3,2017
90033,55.4,2017
90034,21.6,2017
90035,18.3,2017
90036,24.5,2017
90037,65.7,2017
90038,32.5,2017
90039,30.1,2017
90040,33.5,2017
90041,21.2,2017
90042,29.6,2017
90043,94.3,2017
90044,85.5,2017
90045,13,2017
90046,14.4,2017
90047,104,2017
90048,15.4,2017
90049,11.2,2017
90056,81.4,2017
90057,50.8,2017
90058,73.8,2017
90059,110.7,2017
90061,115.9,2017
90062,62.8,2017
90063,35.8,2017
90064,23,2017
90065,39.3,2017
90066,18,2017
90068,12.8,2017
90069,18.4,2017
90201,35.7,2017
90210,5.6,2017
90211,32.4,2017
90212,18.7,2017
90220,74.1,2017
90221,61.4,2017
90222,94.7,2017
90230,30.1,2017
90232,20,2017
90240,26.8,2017
90241,35.3,2017
90242,25.1,2017
90245,11.3,2017
90247,58.5,2017
90248,30.7,2017
90249,46.4,2017
90250,45.7,2017
90254,10.7,2017
90255,47.3,2017
90260,38.7,2017
90262,47.4,2017
90266,4.8,2017
90270,35.3,2017
90272,11.1,2017
90274,17.1,2017
90275,11.4,2017
90277,9.5,2017
90278,19.5,2017
90280,38.9,2017
90291,32.4,2017
90292,19,2017
90293,12.3,2017
90301,62.9,2017
90302,60.1,2017
90303,58.5,2017
90304,39.2,2017
90305,65.3,2017
90401,65,2017
90402,11.9,2017
90403,11.8,2017
90404,38.6,2017
90405,28.4,2017
90501,34.3,2017
90502,42.2,2017
90503,12.5,2017
90504,13.6,2017
90505,22.2,2017
90601,30.5,2017
90602,48.9,2017
90603,19.7,2017
90604,25.9,2017
90605,32.9,2017
90606,37,2017
90620,29.9,2017
90621,27.7,2017
90623,28.1,2017
90630,21.6,2017
90631,25.6,2017
90638,19.6,2017
90640,37.5,2017
90650,32.3,2017
90660,35.3,2017
90670,29.2,2017
90680,35.1,2017
90701,20.4,2017
90703,23.8,2017
90706,38.4,2017
90710,32.3,2017
90712,145.3,2017
90713,29.7,2017
90715,36.6,2017
90716,36.2,2017
90717,29.7,2017
90720,27.1,2017
90723,36.9,2017
90731,66.7,2017
90732,22.9,2017
90740,18.7,2017
90744,45.1,2017
90745,47.9,2017
90746,54.8,2017
90755,30,2017
90802,51.5,2017
90803,12.5,2017
90804,63.8,2017
90805,55.3,2017
90806,70.2,2017
90807,28.2,2017
90808,16.8,2017
90810,51.4,2017
90813,85.8,2017
90814,22.8,2017
90815,11.8,2017
91001,27.4,2017
91006,11.9,2017
91007,8.6,2017
91010,36.1,2017
91016,31.8,2017
91020,20.7,2017
91030,11.6,2017
91040,40.3,2017
91042,19,2017
91101,22.6,2017
91103,39.2,2017
91104,29,2017
91105,14.2,2017
91106,16.4,2017
91107,15.7,2017
91201,17.7,2017
91202,19.7,2017
91203,13.9,2017
91204,46.1,2017
91205,34.4,2017
91206,26,2017
91208,36.6,2017
91214,16.3,2017
91301,10.2,2017
91302,20.1,2017
91303,52.7,2017
91304,39.7,2017
91306,41.1,2017
91307,23.8,2017
91311,34.3,2017
91316,59.6,2017
91320,12.8,2017
91321,23.1,2017
91324,38.5,2017
91325,36.1,2017
91326,19.5,2017
91331,52.3,2017
91335,48.3,2017
91340,63.7,2017
91342,40.4,2017
91343,46.4,2017
91344,30.9,2017
91345,43.8,2017
91350,17.4,2017
91351,39.4,2017
91352,48.9,2017
91354,19.6,2017
91355,18.3,2017
91356,42,2017
91360,13.2,2017
91361,15.5,2017
91362,12.2,2017
91364,23.6,2017
91367,21.6,2017
91381,14.3,2017
91384,17.2,2017
91387,34.6,2017
91390,12.5,2017
91401,45.1,2017
91402,61.5,2017
91403,27.1,2017
91405,87.9,2017
91406,48.2,2017
91411,33.4,2017
91423,17.2,2017
91436,20.9,2017
91501,24.1,2017
91502,14.7,2017
91504,19,2017
91505,20.5,2017
91506,27.4,2017
91601,42.8,2017
91602,21.8,2017
91604,16.2,2017
91605,53.4,2017
91606,32.6,2017
91607,17.3,2017
91701,19.1,2017
91702,51.6,2017
91706,48.6,2017
91708,51.5,2017
91709,15.1,2017
91710,24,2017
91711,22.8,2017
91722,42.5,2017
91723,48.9,2017
91724,28.1,2017
91730,30,2017
91731,44.1,2017
91732,46.6,2017
91733,38.2,2017
91737,27.5,2017
91739,15.4,2017
91740,30.9,2017
91741,22.9,2017
91744,47.2,2017
91745,27.7,2017
91746,26,2017
91748,16.1,2017
91750,20.2,2017
91752,23.1,2017
91754,26.8,2017
91755,12.3,2017
91761,38.4,2017
91762,41.3,2017
91763,44.1,2017
91764,47.6,2017
91765,14.7,2017
91766,48.1,2017
91767,55.6,2017
91768,61.3,2017
91770,27.8,2017
91773,29.5,2017
91775,15.5,2017
91776,20.9,2017
91780,17,2017
91784,15.9,2017
91786,43.2,2017
91789,15.8,2017
91790,41.2,2017
91791,27,2017
91792,32.3,2017
91801,20,2017
91803,22.7,2017
91901,16.7,2017
91902,24.3,2017
91910,32.3,2017
91911,29.7,2017
91913,13.6,2017
91914,12.5,2017
91915,15.3,2017
91932,33.9,2017
91941,28.9,2017
91942,28.9,2017
91945,53.8,2017
91950,47.7,2017
91977,35,2017
91978,31.8,2017
92008,12.1,2017
92009,11.7,2017
92010,11.9,2017
92011,6.1,2017
92019,17.7,2017
92020,27.9,2017
92021,29.9,2017
92024,10.5,2017
92025,29,2017
92026,21.5,2017
92027,24.2,2017
92028,19,2017
92029,19.8,2017
92037,10.2,2017
92040,23.4,2017
92054,21.8,2017
92056,18.7,2017
92057,23.8,2017
92058,26.4,2017
92064,16.8,2017
92065,16.4,2017
92069,13.6,2017
92071,18.7,2017
92078,9.5,2017
92081,14.5,2017
92082,17.2,2017
92083,29.5,2017
92084,19.7,2017
92101,40.6,2017
92102,43.9,2017
92103,24,2017
92104,29.8,2017
92105,42.4,2017
92106,12.4,2017
92107,14.8,2017
92108,24.4,2017
92109,12,2017
92110,24.5,2017
92111,22.5,2017
92113,65,2017
92114,62.3,2017
92115,34.3,2017
92116,24,2017
92117,18.2,2017
92118,8.9,2017
92119,26.3,2017
92120,21.7,2017
92122,10.4,2017
92123,24.8,2017
92124,17.4,2017
92126,21,2017
92127,10,2017
92128,10.5,2017
92129,14.8,2017
92130,5.7,2017
92131,9.4,2017
92139,38.5,2017
92154,23,2017
92173,40.3,2017
92201,35.6,2017
92203,11.4,2017
92211,45.8,2017
92220,58.2,2017
92223,39.7,2017
92225,45.4,2017
92227,51.6,2017
92230,156.1,2017
92231,33.2,2017
92233,37.2,2017
92234,32.3,2017
92236,39.2,2017
92240,47.8,2017
92241,38.6,2017
92243,57.2,2017
92249,39.5,2017
92250,60.4,2017
92251,47.4,2017
92252,38.9,2017
92253,17.5,2017
92256,110.2,2017
92260,24.4,2017
92262,40.1,2017
92264,14.5,2017
92270,18.5,2017
92274,15.7,2017
92276,34.7,2017
92277,43.2,2017
92284,38.8,2017
92301,53.9,2017
92307,52.4,2017
92308,49.7,2017
92311,132.8,2017
92313,21.1,2017
92314,45.7,2017
92315,73.8,2017
92316,43.7,2017
92320,39.4,2017
92324,52.7,2017
92325,63,2017
92327,357.1,2017
92335,36.8,2017
92336,25.2,2017
92337,22.5,2017
92342,38.5,2017
92344,41.6,2017
92345,40.2,2017
92346,32.6,2017
92352,32.2,2017
92354,26.6,2017
92356,59.4,2017
92359,31.7,2017
92363,85.5,2017
92371,34.3,2017
92373,20.8,2017
92374,39.8,2017
92376,50.2,2017
92377,27.4,2017
92382,66.4,2017
92386,115.9,2017
92392,52.6,2017
92394,51.8,2017
92395,72.4,2017
92399,27,2017
92401,254.1,2017
92404,89.7,2017
92405,69.3,2017
92407,39.2,2017
92408,35.9,2017
92410,77.7,2017
92411,95.2,2017
92501,63.3,2017
92503,48.4,2017
92504,40.2,2017
92505,46.2,2017
92506,35.8,2017
92507,47.3,2017
92508,16,2017
92509,38,2017
92530,46.5,2017
92532,25.6,2017
92543,80.7,2017
92544,49.6,2017
92545,39.4,2017
92548,51.8,2017
92551,61.7,2017
92553,58.3,2017
92555,35.4,2017
92557,43.8,2017
92562,31,2017
92563,28.9,2017
92567,25.7,2017
92570,39,2017
92571,49.6,2017
92582,36.8,2017
92583,48,2017
92584,28.5,2017
92585,29.6,2017
92586,73.5,2017
92587,37.9,2017
92591,19.3,2017
92592,18.2,2017
92595,33.7,2017
92596,25.5,2017
92602,9.5,2017
92603,10,2017
92604,10.7,2017
92606,16.5,2017
92612,11.8,2017
92614,15.5,2017
92618,17,2017
92620,8,2017
92626,22.8,2017
92627,25.7,2017
92629,16.2,2017
92630,12.8,2017
92637,26.7,2017
92646,21.8,2017
92647,28,2017
92648,19.5,2017
92649,16.8,2017
92651,22.1,2017
92653,25.3,2017
92655,46.5,2017
92656,16.1,2017
92660,9.9,2017
92663,16.1,2017
92672,14,2017
92673,7.5,2017
92675,13.6,2017
92677,9.7,2017
92679,12.1,2017
92683,20.1,2017
92688,11.8,2017
92691,19.4,2017
92692,13.2,2017
92694,12.5,2017
92701,38.6,2017
92703,25.3,2017
92704,27,2017
92705,17,2017
92706,27.1,2017
92707,28.5,2017
92708,18.8,2017
92780,20.2,2017
92782,12.9,2017
92801,36.6,2017
92802,29.4,2017
92804,31.6,2017
92805,39.6,2017
92806,33.6,2017
92807,25.9,2017
92808,12.2,2017
92821,18.4,2017
92831,25.1,2017
92832,26.5,2017
92833,15.3,2017
92835,26.5,2017
92840,24.4,2017
92841,22.6,2017
92843,31.6,2017
92844,13.4,2017
92845,16.4,2017
92860,18.1,2017
92865,20.1,2017
92866,21.3,2017
92867,15.7,2017
92868,23,2017
92869,17.5,2017
92870,23.7,2017
92879,22.4,2017
92880,17.2,2017
92881,17.5,2017
92882,28.8,2017
92883,17.2,2017
92886,12.7,2017
92887,16.1,2017
93001,33.8,2017
93003,29.4,2017
93004,21.8,2017
93010,19.6,2017
93012,14.6,2017
93013,18.1,2017
93015,22.2,2017
93021,20.4,2017
93022,56.8,2017
93023,52.9,2017
93030,47.1,2017
93033,27.8,2017
93035,25.7,2017
93036,23.2,2017
93040,125.8,2017
93041,35.2,2017
93060,28.8,2017
93063,42.3,2017
93065,32.1,2017
93101,31.5,2017
93103,27.6,2017
93105,18,2017
93110,17.7,2017
93111,22,2017
93117,23.1,2017
93202,103.6,2017
93203,21.2,2017
93204,24.6,2017
93205,149.2,2017
93210,37.6,2017
93212,30.1,2017
93215,27.9,2017
93219,50.5,2017
93221,26.2,2017
93223,44.7,2017
93225,30.9,2017
93230,64.5,2017
93240,62.8,2017
93241,36.4,2017
93245,43.3,2017
93247,31.3,2017
93250,32.4,2017
93256,37.3,2017
93257,35.1,2017
93263,24.8,2017
93268,21.7,2017
93270,61.6,2017
93274,44.7,2017
93277,32.9,2017
93280,22.8,2017
93291,24.4,2017
93292,25.1,2017
93301,167.2,2017
93304,69.4,2017
93305,75.6,2017
93306,42.7,2017
93307,50,2017
93308,49.3,2017
93309,49.7,2017
93311,25.9,2017
93312,18.9,2017
93313,31.3,2017
93314,8.9,2017
93401,24.7,2017
93402,24.2,2017
93405,12.4,2017
93420,35.3,2017
93422,25.4,2017
93433,23.6,2017
93434,26.6,2017
93436,29.6,2017
93442,23.6,2017
93444,20.4,2017
93445,31.3,2017
93446,26.3,2017
93454,45.1,2017
93455,19,2017
93458,24.5,2017
93460,32.2,2017
93463,23.6,2017
93465,31.2,2017
93501,57.7,2017
93505,48.3,2017
93510,30.2,2017
93514,59.5,2017
93527,128.4,2017
93534,124.2,2017
93535,113.3,2017
93536,35.3,2017
93543,61.2,2017
93546,36.7,2017
93550,80.2,2017
93551,30.3,2017
93552,50.6,2017
93555,49.7,2017
93560,27.8,2017
93561,32.2,2017
93591,104.7,2017
93609,52.6,2017
93610,23.3,2017
93611,21.5,2017
93612,68.8,2017
93614,20.8,2017
93616,144,2017
93618,36.5,2017
93619,19.6,2017
93620,40.5,2017
93622,33.6,2017
93625,40.1,2017
93630,19.5,2017
93631,44.2,2017
93635,100.2,2017
93636,34.6,2017
93637,50.6,2017
93638,47,2017
93640,29.9,2017
93644,22.4,2017
93646,50.5,2017
93647,26.4,2017
93648,92.7,2017
93650,58.6,2017
93654,40.9,2017
93657,30.5,2017
93662,78.2,2017
93701,140.3,2017
93702,68.2,2017
93703,74,2017
93704,54.4,2017
93705,79.4,2017
93706,75.9,2017
93710,47.2,2017
93711,28.7,2017
93720,21.9,2017
93721,60.5,2017
93722,48.2,2017
93723,33,2017
93725,52.3,2017
93726,62.2,2017
93727,47.6,2017
93728,55.5,2017
93901,80.4,2017
93905,43.6,2017
93906,45.3,2017
93907,37.2,2017
93908,14.2,2017
93923,59.9,2017
93926,31.3,2017
93927,25.7,2017
93930,31.1,2017
93933,38.6,2017
93940,24.8,2017
93950,20.1,2017
93955,40.4,2017
93960,21.3,2017
94002,22.8,2017
94010,18.1,2017
94014,35,2017
94015,31.9,2017
94018,303.7,2017
94019,23.8,2017
94025,13.8,2017
94030,17.7,2017
94040,10.9,2017
94041,9.8,2017
94043,19.3,2017
94044,38.7,2017
94061,26,2017
94062,12,2017
94063,55.9,2017
94066,41.4,2017
94070,21.1,2017
94080,37.1,2017
94085,14.9,2017
94086,15.7,2017
94087,5.6,2017
94089,36.9,2017
94102,63.5,2017
94103,76.4,2017
94105,26,2017
94107,24.3,2017
94108,11.9,2017
94109,24.7,2017
94110,40.7,2017
94111,31.4,2017
94112,29.5,2017
94114,12.5,2017
94115,31.9,2017
94116,12.9,2017
94117,28.8,2017
94118,14.8,2017
94121,16.7,2017
94122,11,2017
94123,6.1,2017
94124,75.8,2017
94127,18.5,2017
94130,138.7,2017
94131,12.8,2017
94132,29.9,2017
94133,19.7,2017
94134,38.4,2017
94158,31.3,2017
94303,38.1,2017
94306,14.1,2017
94401,35,2017
94402,28.4,2017
94403,25.9,2017
94404,13.5,2017
94501,36.2,2017
94502,16.5,2017
94503,53.6,2017
94505,27.2,2017
94506,8.8,2017
94507,14.8,2017
94509,132.9,2017
94510,37.1,2017
94511,105.4,2017
94513,45.6,2017
94515,28.5,2017
94517,18.1,2017
94518,27.6,2017
94519,44.1,2017
94520,70.1,2017
94521,33.6,2017
94523,19.9,2017
94525,60.1,2017
94526,15.3,2017
94530,28.7,2017
94531,89.9,2017
94533,106,2017
94534,44.9,2017
94536,29.4,2017
94538,34.5,2017
94539,14.2,2017
94541,56.6,2017
94542,23.8,2017
94544,62.6,2017
94545,47.9,2017
94546,38,2017
94547,29.1,2017
94549,17.5,2017
94550,20.7,2017
94551,24.1,2017
94552,16.3,2017
94553,44.4,2017
94555,16.4,2017
94556,11.3,2017
94558,34.1,2017
94559,30.8,2017
94560,42.2,2017
94561,54.4,2017
94563,12,2017
94564,40.1,2017
94565,114.8,2017
94566,18.9,2017
94568,24.7,2017
94571,100.6,2017
94572,79.3,2017
94574,24.3,2017
94577,48.8,2017
94578,67.3,2017
94579,39.7,2017
94580,54.7,2017
94582,17.8,2017
94583,21.2,2017
94585,87.2,2017
94587,33.8,2017
94588,20.8,2017
94589,134.4,2017
94590,141.8,2017
94591,68.2,2017
94595,18.2,2017
94596,18.2,2017
94597,22.5,2017
94598,22.8,2017
94601,78,2017
94602,49.6,2017
94603,167.3,2017
94605,126.1,2017
94606,53.5,2017
94607,96,2017
94608,65.6,2017
94609,44.9,2017
94610,25.8,2017
94611,25.9,2017
94612,74.6,2017
94618,14.4,2017
94619,54.3,2017
94621,116.1,2017
94702,42.7,2017
94703,40.2,2017
94704,16,2017
94705,25.5,2017
94706,16.1,2017
94708,17.1,2017
94709,24.8,2017
94710,40.2,2017
94801,109.5,2017
94803,33,2017
94804,109.9,2017
94805,53.8,2017
94806,62.6,2017
94901,20.9,2017
94903,21.1,2017
94920,23.1,2017
94928,36.1,2017
94930,23.6,2017
94931,51.6,2017
94941,11.1,2017
94945,35.6,2017
94947,26.8,2017
94949,38.3,2017
94952,31.1,2017
94954,30.4,2017
94960,14.4,2017
94965,23.8,2017
95003,18.9,2017
95006,21.6,2017
95008,19.6,2017
95010,24,2017
95012,43.2,2017
95014,7.5,2017
95019,16.7,2017
95020,38.6,2017
95023,48.4,2017
95032,15.2,2017
95033,20.1,2017
95035,16.6,2017
95037,29,2017
95045,40.9,2017
95046,51.2,2017
95050,25.6,2017
95051,20.4,2017
95054,19.1,2017
95060,16.3,2017
95062,19.9,2017
95066,17.5,2017
95070,8.5,2017
95076,28.8,2017
95110,41.7,2017
95111,40.4,2017
95112,39.9,2017
95113,873,2017
95116,66.4,2017
95117,32.8,2017
95118,26.8,2017
95119,33,2017
95120,13.5,2017
95121,33.3,2017
95122,55.7,2017
95123,36.5,2017
95124,17.5,2017
95125,31.4,2017
95126,24.6,2017
95127,40.2,2017
95128,26,2017
95129,13,2017
95130,31.8,2017
95131,25.3,2017
95132,17.7,2017
95133,32.1,2017
95134,15.7,2017
95135,18.1,2017
95136,35,2017
95138,28.7,2017
95139,44.8,2017
95148,23.1,2017
95202,265.5,2017
95203,147.8,2017
95204,70.3,2017
95205,85.5,2017
95206,78.8,2017
95207,82.5,2017
95209,45.9,2017
95210,67.6,2017
95212,33.1,2017
95215,50,2017
95219,33.4,2017
95220,28.8,2017
95231,77.5,2017
95237,64.5,2017
95240,50.3,2017
95242,21.5,2017
95246,97,2017
95249,177.5,2017
95252,42.7,2017
95255,99.9,2017
95258,93.5,2017
95301,36.5,2017
95304,25.8,2017
95307,37.6,2017
95313,123.6,2017
95315,39.1,2017
95316,40.6,2017
95320,27.9,2017
95322,56.2,2017
95324,30.8,2017
95326,20.6,2017
95327,41.4,2017
95328,59.5,2017
95330,61,2017
95334,28.5,2017
95336,71.4,2017
95337,57.3,2017
95338,67.5,2017
95340,86.8,2017
95341,64.2,2017
95348,62.5,2017
95350,58.1,2017
95351,92.8,2017
95354,74.4,2017
95355,54.6,2017
95356,36.5,2017
95357,37,2017
95358,50.3,2017
95360,17.9,2017
95361,45.9,2017
95363,27.5,2017
95365,62.2,2017
95366,27.7,2017
95367,43.5,2017
95368,40.1,2017
95370,47.3,2017
95372,94.6,2017
95376,57.8,2017
95377,36.4,2017
95379,44.7,2017
95380,57.4,2017
95382,27.5,2017
95383,48.6,2017
95386,41.9,2017
95388,63.4,2017
95391,28.5,2017
95401,39.7,2017
95403,48.2,2017
95404,30.4,2017
95405,36.8,2017
95407,66.3,2017
95409,31.5,2017
95422,118.6,2017
95423,102.5,2017
95425,20.2,2017
95437,46.4,2017
95446,59.2,2017
95448,20.2,2017
95451,57.3,2017
95453,43.2,2017
95454,104.9,2017
95457,88.8,2017
95458,84.1,2017
95464,73.8,2017
95467,48.3,2017
95470,38.7,2017
95472,25.9,2017
95476,16.6,2017
95482,66.1,2017
95490,94.2,2017
95492,29.3,2017
95501,80.3,2017
95503,55.2,2017
95519,44.4,2017
95521,55.4,2017
95524,112.7,2017
95531,48.5,2017
95540,74.2,2017
95542,87.6,2017
95560,141,2017
95562,82.2,2017
95570,91.6,2017
95602,63.8,2017
95603,56,2017
95605,63,2017
95608,61,2017
95610,49.1,2017
95616,19.7,2017
95618,18.3,2017
95619,70.8,2017
95620,37.5,2017
95621,51.6,2017
95624,30.1,2017
95626,43,2017
95627,83,2017
95628,39.4,2017
95630,22.3,2017
95632,36.3,2017
95640,43.9,2017
95642,80.4,2017
95648,25,2017
95650,24.1,2017
95660,105.6,2017
95661,38.6,2017
95662,34.3,2017
95665,53.9,2017
95666,70.5,2017
95667,45.4,2017
95670,60.1,2017
95673,59.2,2017
95677,38.8,2017
95678,31.6,2017
95682,41.8,2017
95684,53.7,2017
95685,34.7,2017
95687,57.6,2017
95688,72.2,2017
95691,52.8,2017
95693,20.3,2017
95694,40.9,2017
95695,41.1,2017
95709,50.8,2017
95713,22.9,2017
95726,54.1,2017
95742,26.4,2017
95746,31.3,2017
95747,23.7,2017
95757,32,2017
95758,39.3,2017
95762,19,2017
95765,17.1,2017
95776,39.7,2017
95811,93.5,2017
95814,61.2,2017
95815,145.1,2017
95816,53.7,2017
95817,79.9,2017
95818,46.4,2017
95819,14.9,2017
95820,91.3,2017
95821,109,2017
95822,79,2017
95823,112.2,2017
95824,96,2017
95825,105.8,2017
95826,66.8,2017
95827,59.3,2017
95828,74,2017
